Subject,Run,Gain,Loss,Choice,RT
1,1,10,6,0.0,1.137
1,1,10,7,1.0,1.32
1,1,10,11,0.0,1.806
1,1,10,12,0.0,1.383
1,1,10,15,0.0,1.6369999999999998
1,1,12,6,1.0,1.433
1,1,12,14,0.0,1.6
1,1,12,15,0.0,1.082
1,1,12,17,0.0,1.368
1,1,14,6,1.0,1.9040000000000001
1,1,14,12,0.0,1.585
1,1,14,14,0.0,1.6869999999999998
1,1,14,17,0.0,1.8219999999999998
1,1,14,20,0.0,1.206
1,1,16,5,1.0,1.925
1,1,16,10,1.0,1.4769999999999999
1,1,16,12,1.0,1.486
1,1,16,13,1.0,1.115
1,1,16,18,0.0,1.785
1,1,16,20,0.0,1.047
1,1,18,5,1.0,1.67
1,1,18,7,1.0,1.071
1,1,18,8,1.0,1.526
1,1,18,12,1.0,1.7930000000000001
1,1,18,14,1.0,2.2
1,1,18,17,0.0,1.321
1,1,18,20,0.0,2.302
1,1,20,6,1.0,1.433
1,1,20,12,1.0,1.249
1,1,20,15,,
1,1,20,16,1.0,1.367
1,1,20,18,0.0,1.215
1,1,22,7,1.0,1.061
1,1,22,9,1.0,1.39
1,1,22,20,0.0,1.598
1,1,24,7,1.0,1.172
1,1,24,9,1.0,0.8340000000000001
1,1,24,12,1.0,1.242
1,1,24,13,1.0,1.6
1,1,24,14,1.0,1.266
1,1,24,18,1.0,1.145
1,1,26,5,1.0,1.5659999999999998
1,1,26,9,1.0,1.3940000000000001
1,1,26,13,1.0,1.232
1,1,26,16,1.0,1.272
1,1,26,18,1.0,1.454
1,1,28,7,1.0,1.067
1,1,28,12,1.0,1.318
1,1,28,13,1.0,1.107
1,1,28,19,1.0,1.405
1,1,30,6,1.0,0.877
1,1,30,13,1.0,1.599
1,1,30,16,1.0,1.6269999999999998
1,1,30,19,1.0,1.167
1,1,32,5,1.0,0.9179999999999999
1,1,32,6,1.0,0.9990000000000001
1,1,32,9,1.0,0.866
1,1,32,10,1.0,1.3619999999999999
1,1,32,11,1.0,1.235
1,1,32,16,1.0,2.28
1,1,32,17,1.0,1.5019999999999998
1,1,32,19,1.0,1.3359999999999999
1,1,32,20,1.0,1.36
1,1,34,9,1.0,0.7340000000000001
1,1,34,10,1.0,1.0
1,1,34,13,1.0,1.2429999999999999
1,1,34,16,1.0,1.3159999999999998
1,1,34,17,1.0,1.0959999999999999
1,1,34,19,1.0,1.237
1,1,34,20,1.0,1.251
1,1,36,6,1.0,0.903
1,1,36,8,1.0,1.079
1,1,36,12,1.0,1.28
1,1,36,17,1.0,1.786
1,1,36,19,1.0,1.75
1,1,38,5,1.0,0.805
1,1,38,7,1.0,0.9570000000000001
1,1,38,10,1.0,1.043
1,1,38,12,1.0,1.011
1,1,38,14,1.0,1.112
1,1,40,5,1.0,0.9
1,1,40,7,1.0,0.8240000000000001
1,1,40,10,1.0,0.7829999999999999
1,1,40,13,1.0,0.7759999999999999
1,1,40,15,1.0,1.169
1,1,40,19,1.0,0.862
1,2,10,9,1.0,2.91
1,2,10,14,0.0,1.121
1,2,10,16,0.0,1.265
1,2,10,17,0.0,1.088
1,2,10,18,0.0,1.023
1,2,12,5,1.0,0.917
1,2,12,7,1.0,1.122
1,2,12,10,1.0,1.702
1,2,12,12,0.0,1.7269999999999999
1,2,12,13,0.0,1.621
1,2,12,18,0.0,1.222
1,2,12,20,0.0,1.25
1,2,14,8,1.0,0.932
1,2,14,9,1.0,1.031
1,2,14,13,0.0,0.998
1,2,14,15,0.0,1.536
1,2,16,6,1.0,1.161
1,2,16,7,1.0,1.063
1,2,16,8,1.0,1.328
1,2,16,9,1.0,0.982
1,2,16,14,1.0,1.9809999999999999
1,2,16,17,0.0,2.204
1,2,18,9,1.0,1.229
1,2,18,10,1.0,1.369
1,2,20,5,1.0,1.29
1,2,20,7,1.0,1.439
1,2,20,9,1.0,1.403
1,2,20,10,1.0,1.214
1,2,20,13,1.0,1.229
1,2,20,14,1.0,1.446
1,2,20,19,1.0,0.887
1,2,22,6,1.0,1.849
1,2,22,13,1.0,1.008
1,2,22,15,1.0,1.3319999999999999
1,2,22,17,1.0,1.163
1,2,22,18,1.0,1.5919999999999999
1,2,22,19,1.0,1.915
1,2,24,5,1.0,1.073
1,2,24,8,1.0,1.189
1,2,24,11,1.0,1.255
1,2,24,15,1.0,1.138
1,2,24,16,1.0,0.914
1,2,24,17,1.0,0.782
1,2,24,20,1.0,1.258
1,2,26,6,1.0,1.169
1,2,26,8,1.0,1.084
1,2,26,12,1.0,1.041
1,2,26,19,1.0,1.128
1,2,26,20,1.0,1.39
1,2,28,6,1.0,0.863
1,2,28,8,1.0,2.935
1,2,28,10,1.0,1.744
1,2,28,11,1.0,0.7979999999999999
1,2,28,14,1.0,0.986
1,2,28,15,1.0,1.183
1,2,28,16,1.0,0.9259999999999999
1,2,30,5,1.0,0.826
1,2,30,9,1.0,0.745
1,2,30,12,1.0,1.0190000000000001
1,2,30,15,1.0,1.1340000000000001
1,2,30,17,1.0,1.239
1,2,30,18,1.0,2.101
1,2,32,7,1.0,1.3030000000000002
1,2,32,15,1.0,1.974
1,2,32,18,1.0,1.189
1,2,34,6,1.0,1.794
1,2,34,12,1.0,1.775
1,2,34,18,1.0,1.196
1,2,36,7,1.0,0.835
1,2,36,9,1.0,0.8340000000000001
1,2,36,13,1.0,1.496
1,2,36,14,1.0,1.102
1,2,36,15,1.0,2.408
1,2,36,16,1.0,1.744
1,2,36,18,1.0,1.8980000000000001
1,2,36,20,1.0,1.101
1,2,38,8,1.0,0.878
1,2,38,9,1.0,0.8059999999999999
1,2,38,18,1.0,1.4880000000000002
1,2,38,20,1.0,1.463
1,2,40,6,1.0,1.2209999999999999
1,2,40,8,1.0,0.7809999999999999
1,2,40,9,1.0,0.6970000000000001
1,2,40,11,1.0,1.088
1,2,40,16,1.0,0.777
1,3,10,5,1.0,1.445
1,3,10,8,1.0,1.271
1,3,10,10,1.0,1.581
1,3,10,13,0.0,1.403
1,3,10,19,0.0,0.836
1,3,10,20,0.0,1.077
1,3,12,8,1.0,0.887
1,3,12,9,1.0,1.15
1,3,12,11,1.0,1.858
1,3,12,16,0.0,0.971
1,3,12,19,0.0,1.176
1,3,14,5,1.0,1.695
1,3,14,7,1.0,1.123
1,3,14,10,1.0,1.202
1,3,14,11,1.0,1.247
1,3,14,16,0.0,1.9069999999999998
1,3,14,18,0.0,1.391
1,3,14,19,0.0,0.9690000000000001
1,3,16,11,1.0,1.102
1,3,16,15,1.0,1.51
1,3,16,16,1.0,2.441
1,3,16,19,0.0,1.767
1,3,18,6,1.0,1.2790000000000001
1,3,18,11,1.0,1.176
1,3,18,13,1.0,0.8340000000000001
1,3,18,15,1.0,1.551
1,3,18,16,1.0,1.261
1,3,18,18,1.0,2.222
1,3,18,19,0.0,1.286
1,3,20,8,1.0,2.2230000000000003
1,3,20,11,1.0,0.8490000000000001
1,3,20,17,1.0,1.161
1,3,20,20,1.0,1.67
1,3,22,5,1.0,0.914
1,3,22,8,1.0,1.7369999999999999
1,3,22,10,1.0,1.5519999999999998
1,3,22,11,1.0,1.11
1,3,22,12,1.0,0.966
1,3,22,14,1.0,1.008
1,3,22,16,1.0,1.136
1,3,24,6,1.0,1.133
1,3,24,10,1.0,1.024
1,3,24,19,1.0,0.888
1,3,26,7,1.0,2.516
1,3,26,10,1.0,0.757
1,3,26,11,1.0,0.9179999999999999
1,3,26,14,1.0,0.9440000000000001
1,3,26,15,1.0,1.068
1,3,26,17,1.0,1.254
1,3,28,5,1.0,0.855
1,3,28,9,1.0,2.383
1,3,28,17,1.0,1.203
1,3,28,18,1.0,0.9690000000000001
1,3,28,20,1.0,0.956
1,3,30,7,1.0,1.3519999999999999
1,3,30,8,1.0,0.9690000000000001
1,3,30,10,1.0,1.936
1,3,30,11,1.0,1.546
1,3,30,14,1.0,1.97
1,3,30,20,1.0,1.328
1,3,32,8,1.0,0.825
1,3,32,12,1.0,1.545
1,3,32,13,1.0,2.403
1,3,32,14,1.0,1.4169999999999998
1,3,34,5,1.0,0.866
1,3,34,7,1.0,1.051
1,3,34,8,1.0,0.888
1,3,34,11,1.0,1.52
1,3,34,14,1.0,2.204
1,3,34,15,1.0,2.406
1,3,36,5,1.0,1.11
1,3,36,10,1.0,2.157
1,3,36,11,1.0,1.564
1,3,38,6,1.0,1.063
1,3,38,11,1.0,1.35
1,3,38,13,1.0,0.87
1,3,38,15,1.0,1.963
1,3,38,16,1.0,2.4530000000000003
1,3,38,17,1.0,1.811
1,3,38,19,1.0,2.488
1,3,40,12,1.0,1.046
1,3,40,14,1.0,1.651
1,3,40,17,1.0,1.963
1,3,40,18,1.0,1.6780000000000002
1,3,40,20,1.0,0.9690000000000001
2,1,10,6,0.0,0.001
2,1,10,7,0.0,2.2230000000000003
2,1,10,11,0.0,1.141
2,1,10,12,0.0,1.28
2,1,10,15,0.0,1.462
2,1,12,6,0.0,2.457
2,1,12,14,0.0,0.885
2,1,12,15,0.0,1.297
2,1,12,17,0.0,1.385
2,1,14,6,0.0,2.839
2,1,14,12,0.0,1.258
2,1,14,14,0.0,1.585
2,1,14,17,0.0,1.263
2,1,14,20,0.0,1.327
2,1,16,5,1.0,1.5519999999999998
2,1,16,10,0.0,1.885
2,1,16,12,0.0,1.318
2,1,16,13,0.0,1.692
2,1,16,18,0.0,1.105
2,1,16,20,0.0,1.4569999999999999
2,1,18,5,1.0,2.582
2,1,18,7,1.0,2.416
2,1,18,8,0.0,2.963
2,1,18,12,0.0,1.358
2,1,18,14,0.0,2.346
2,1,18,17,0.0,1.24
2,1,18,20,0.0,1.585
2,1,20,6,1.0,2.8310000000000004
2,1,20,12,0.0,2.266
2,1,20,15,0.0,2.419
2,1,20,16,0.0,1.48
2,1,20,18,0.0,1.5530000000000002
2,1,22,7,1.0,1.6119999999999999
2,1,22,9,1.0,1.358
2,1,22,20,0.0,1.168
2,1,24,7,1.0,2.861
2,1,24,9,1.0,2.705
2,1,24,12,0.0,1.3719999999999999
2,1,24,13,0.0,1.79
2,1,24,14,0.0,2.0980000000000003
2,1,24,18,0.0,2.8810000000000002
2,1,26,5,1.0,2.448
2,1,26,9,1.0,2.351
2,1,26,13,0.0,2.823
2,1,26,16,0.0,1.4480000000000002
2,1,26,18,0.0,2.431
2,1,28,7,1.0,2.23
2,1,28,12,0.0,2.3680000000000003
2,1,28,13,0.0,2.147
2,1,28,19,0.0,2.701
2,1,30,6,1.0,2.319
2,1,30,13,0.0,2.885
2,1,30,16,0.0,2.123
2,1,30,19,0.0,2.129
2,1,32,5,1.0,1.0290000000000001
2,1,32,6,1.0,1.9040000000000001
2,1,32,9,1.0,1.699
2,1,32,10,0.0,1.314
2,1,32,11,1.0,2.1390000000000002
2,1,32,16,0.0,1.739
2,1,32,17,0.0,1.3659999999999999
2,1,32,19,0.0,1.3219999999999998
2,1,32,20,0.0,1.296
2,1,34,9,1.0,2.101
2,1,34,10,0.0,2.659
2,1,34,13,,
2,1,34,16,1.0,2.189
2,1,34,17,0.0,2.079
2,1,34,19,0.0,1.367
2,1,34,20,0.0,2.885
2,1,36,6,1.0,1.369
2,1,36,8,1.0,1.589
2,1,36,12,0.0,2.002
2,1,36,17,0.0,1.9169999999999998
2,1,36,19,0.0,1.4369999999999998
2,1,38,5,1.0,1.501
2,1,38,7,1.0,2.191
2,1,38,10,1.0,2.189
2,1,38,12,1.0,2.2680000000000002
2,1,38,14,0.0,2.106
2,1,40,5,1.0,1.7919999999999998
2,1,40,7,1.0,1.265
2,1,40,10,1.0,1.729
2,1,40,13,0.0,2.17
2,1,40,15,,
2,1,40,19,0.0,1.2890000000000001
2,2,10,9,0.0,1.95
2,2,10,14,0.0,1.209
2,2,10,16,0.0,0.903
2,2,10,17,0.0,1.012
2,2,10,18,0.0,2.272
2,2,12,5,1.0,1.9880000000000002
2,2,12,7,0.0,2.602
2,2,12,10,0.0,1.239
2,2,12,12,0.0,1.2790000000000001
2,2,12,13,0.0,1.304
2,2,12,18,0.0,1.203
2,2,12,20,0.0,1.114
2,2,14,8,0.0,2.315
2,2,14,9,0.0,1.551
2,2,14,13,0.0,0.878
2,2,14,15,0.0,1.207
2,2,16,6,1.0,2.001
2,2,16,7,0.0,1.831
2,2,16,8,0.0,2.231
2,2,16,9,0.0,1.7269999999999999
2,2,16,14,0.0,1.255
2,2,16,17,0.0,1.063
2,2,18,9,0.0,1.358
2,2,18,10,0.0,2.835
2,2,20,5,1.0,1.676
2,2,20,7,,
2,2,20,9,0.0,2.441
2,2,20,10,0.0,1.103
2,2,20,13,0.0,1.742
2,2,20,14,0.0,1.109
2,2,20,19,0.0,1.163
2,2,22,6,1.0,1.386
2,2,22,13,0.0,2.072
2,2,22,15,0.0,1.222
2,2,22,17,0.0,1.123
2,2,22,18,,
2,2,22,19,0.0,1.186
2,2,24,5,1.0,1.504
2,2,24,8,1.0,1.9380000000000002
2,2,24,11,0.0,2.208
2,2,24,15,0.0,2.106
2,2,24,16,0.0,1.45
2,2,24,17,0.0,1.3630000000000002
2,2,24,20,0.0,1.306
2,2,26,6,1.0,1.85
2,2,26,8,1.0,1.6280000000000001
2,2,26,12,0.0,2.193
2,2,26,19,0.0,0.001
2,2,26,20,0.0,1.1740000000000002
2,2,28,6,1.0,1.507
2,2,28,8,1.0,1.864
2,2,28,10,0.0,2.975
2,2,28,11,0.0,2.537
2,2,28,14,0.0,1.1159999999999999
2,2,28,15,0.0,1.919
2,2,28,16,0.0,1.5030000000000001
2,2,30,5,1.0,2.322
2,2,30,9,1.0,2.5869999999999997
2,2,30,12,0.0,2.043
2,2,30,15,0.0,1.206
2,2,30,17,0.0,2.072
2,2,30,18,0.0,1.518
2,2,32,7,1.0,1.865
2,2,32,15,0.0,2.803
2,2,32,18,0.0,1.085
2,2,34,6,1.0,1.4809999999999999
2,2,34,12,1.0,2.214
2,2,34,18,0.0,1.204
2,2,36,7,1.0,1.834
2,2,36,9,1.0,1.8430000000000002
2,2,36,13,1.0,2.38
2,2,36,14,,
2,2,36,15,0.0,2.801
2,2,36,16,0.0,1.0959999999999999
2,2,36,18,0.0,1.964
2,2,36,20,0.0,2.87
2,2,38,8,1.0,1.8030000000000002
2,2,38,9,0.0,0.001
2,2,38,18,0.0,1.237
2,2,38,20,0.0,2.214
2,2,40,6,1.0,1.517
2,2,40,8,1.0,1.504
2,2,40,9,1.0,1.743
2,2,40,11,1.0,1.5759999999999998
2,2,40,16,0.0,1.505
2,3,10,5,0.0,2.522
2,3,10,8,0.0,1.495
2,3,10,10,0.0,1.198
2,3,10,13,0.0,0.887
2,3,10,19,0.0,1.034
2,3,10,20,0.0,1.052
2,3,12,8,0.0,2.488
2,3,12,9,0.0,1.199
2,3,12,11,0.0,1.161
2,3,12,16,0.0,0.8009999999999999
2,3,12,19,0.0,0.91
2,3,14,5,1.0,2.181
2,3,14,7,0.0,1.371
2,3,14,10,0.0,1.528
2,3,14,11,0.0,1.2890000000000001
2,3,14,16,0.0,0.755
2,3,14,18,0.0,0.965
2,3,14,19,0.0,1.026
2,3,16,11,0.0,1.189
2,3,16,15,0.0,0.8440000000000001
2,3,16,16,0.0,0.899
2,3,16,19,0.0,0.895
2,3,18,6,1.0,1.79
2,3,18,11,0.0,1.704
2,3,18,13,0.0,1.689
2,3,18,15,0.0,1.4
2,3,18,16,0.0,0.9570000000000001
2,3,18,18,0.0,0.9109999999999999
2,3,18,19,0.0,1.023
2,3,20,8,1.0,1.453
2,3,20,11,0.0,1.2570000000000001
2,3,20,17,0.0,2.0709999999999997
2,3,20,20,0.0,1.054
2,3,22,5,1.0,1.466
2,3,22,8,1.0,1.567
2,3,22,10,0.0,1.685
2,3,22,11,0.0,1.255
2,3,22,12,0.0,2.347
2,3,22,14,0.0,2.8939999999999997
2,3,22,16,0.0,0.9540000000000001
2,3,24,6,1.0,1.541
2,3,24,10,0.0,1.719
2,3,24,19,,
2,3,26,7,1.0,1.028
2,3,26,10,0.0,2.293
2,3,26,11,0.0,2.396
2,3,26,14,0.0,1.199
2,3,26,15,0.0,0.9790000000000001
2,3,26,17,0.0,1.6840000000000002
2,3,28,5,1.0,1.349
2,3,28,9,1.0,1.24
2,3,28,17,0.0,1.274
2,3,28,18,0.0,0.888
2,3,28,20,0.0,1.244
2,3,30,7,1.0,1.537
2,3,30,8,1.0,1.113
2,3,30,10,1.0,2.215
2,3,30,11,0.0,1.96
2,3,30,14,0.0,1.331
2,3,30,20,0.0,1.246
2,3,32,8,1.0,1.432
2,3,32,12,1.0,2.9760000000000004
2,3,32,13,0.0,2.129
2,3,32,14,0.0,2.367
2,3,34,5,1.0,1.162
2,3,34,7,1.0,1.3
2,3,34,8,1.0,1.217
2,3,34,11,,
2,3,34,14,0.0,2.523
2,3,34,15,0.0,2.454
2,3,36,5,1.0,1.068
2,3,36,10,,
2,3,36,11,0.0,1.6869999999999998
2,3,38,6,1.0,1.4869999999999999
2,3,38,11,1.0,2.636
2,3,38,13,0.0,2.478
2,3,38,15,0.0,1.445
2,3,38,16,0.0,2.2230000000000003
2,3,38,17,0.0,1.9369999999999998
2,3,38,19,0.0,0.001
2,3,40,12,1.0,2.445
2,3,40,14,1.0,1.626
2,3,40,17,0.0,1.44
2,3,40,18,0.0,2.325
2,3,40,20,0.0,2.092
3,1,10,6,0.0,1.409
3,1,10,7,0.0,1.088
3,1,10,11,0.0,0.598
3,1,10,12,0.0,0.633
3,1,10,15,0.0,0.565
3,1,12,6,0.0,1.224
3,1,12,14,0.0,0.541
3,1,12,15,0.0,1.08
3,1,12,17,0.0,0.8290000000000001
3,1,14,6,0.0,1.06
3,1,14,12,0.0,0.888
3,1,14,14,0.0,1.015
3,1,14,17,0.0,0.919
3,1,14,20,0.0,0.6940000000000001
3,1,16,5,1.0,1.067
3,1,16,10,0.0,1.9340000000000002
3,1,16,12,0.0,0.742
3,1,16,13,0.0,0.779
3,1,16,18,0.0,0.961
3,1,16,20,0.0,0.887
3,1,18,5,1.0,1.246
3,1,18,7,0.0,1.287
3,1,18,8,1.0,1.235
3,1,18,12,0.0,0.706
3,1,18,14,0.0,0.695
3,1,18,17,0.0,1.016
3,1,18,20,0.0,0.833
3,1,20,6,1.0,1.128
3,1,20,12,0.0,0.968
3,1,20,15,0.0,1.104
3,1,20,16,0.0,1.135
3,1,20,18,0.0,1.135
3,1,22,7,1.0,0.884
3,1,22,9,0.0,1.99
3,1,22,20,0.0,1.3419999999999999
3,1,24,7,1.0,1.02
3,1,24,9,0.0,1.439
3,1,24,12,0.0,0.8109999999999999
3,1,24,13,0.0,0.772
3,1,24,14,0.0,0.7
3,1,24,18,0.0,1.345
3,1,26,5,1.0,1.046
3,1,26,9,0.0,1.672
3,1,26,13,0.0,0.6679999999999999
3,1,26,16,0.0,1.192
3,1,26,18,0.0,1.0290000000000001
3,1,28,7,1.0,1.171
3,1,28,12,0.0,1.358
3,1,28,13,0.0,0.826
3,1,28,19,0.0,0.767
3,1,30,6,1.0,1.148
3,1,30,13,0.0,0.7979999999999999
3,1,30,16,0.0,1.155
3,1,30,19,0.0,1.318
3,1,32,5,1.0,1.2209999999999999
3,1,32,6,1.0,1.446
3,1,32,9,1.0,0.977
3,1,32,10,0.0,0.792
3,1,32,11,0.0,0.723
3,1,32,16,0.0,1.179
3,1,32,17,0.0,1.206
3,1,32,19,0.0,0.698
3,1,32,20,0.0,1.102
3,1,34,9,1.0,1.173
3,1,34,10,0.0,1.274
3,1,34,13,0.0,0.723
3,1,34,16,0.0,0.902
3,1,34,17,0.0,1.234
3,1,34,19,0.0,0.5329999999999999
3,1,34,20,0.0,1.745
3,1,36,6,1.0,1.015
3,1,36,8,1.0,1.455
3,1,36,12,0.0,0.912
3,1,36,17,0.0,2.154
3,1,36,19,0.0,0.693
3,1,38,5,1.0,1.126
3,1,38,7,1.0,1.206
3,1,38,10,0.0,0.767
3,1,38,12,0.0,2.708
3,1,38,14,0.0,0.809
3,1,40,5,1.0,1.2
3,1,40,7,1.0,1.161
3,1,40,10,1.0,0.888
3,1,40,13,0.0,1.29
3,1,40,15,0.0,1.569
3,1,40,19,0.0,1.537
3,2,10,9,0.0,1.2790000000000001
3,2,10,14,0.0,1.091
3,2,10,16,0.0,1.351
3,2,10,17,0.0,1.036
3,2,10,18,0.0,1.065
3,2,12,5,1.0,1.167
3,2,12,7,0.0,1.2429999999999999
3,2,12,10,0.0,1.537
3,2,12,12,0.0,0.8240000000000001
3,2,12,13,0.0,1.073
3,2,12,18,0.0,1.081
3,2,12,20,0.0,1.123
3,2,14,8,1.0,1.996
3,2,14,9,0.0,1.712
3,2,14,13,0.0,1.5959999999999999
3,2,14,15,0.0,1.56
3,2,16,6,0.0,0.001
3,2,16,7,1.0,1.3459999999999999
3,2,16,8,1.0,1.87
3,2,16,9,0.0,1.224
3,2,16,14,0.0,0.7290000000000001
3,2,16,17,0.0,0.878
3,2,18,9,0.0,1.016
3,2,18,10,0.0,1.444
3,2,20,5,,
3,2,20,7,1.0,1.057
3,2,20,9,1.0,1.057
3,2,20,10,0.0,1.057
3,2,20,13,0.0,1.136
3,2,20,14,0.0,1.391
3,2,20,19,0.0,1.157
3,2,22,6,1.0,1.4909999999999999
3,2,22,13,0.0,0.8490000000000001
3,2,22,15,0.0,0.943
3,2,22,17,0.0,2.398
3,2,22,18,0.0,1.162
3,2,22,19,0.0,1.564
3,2,24,5,1.0,1.179
3,2,24,8,1.0,1.464
3,2,24,11,0.0,1.0979999999999999
3,2,24,15,0.0,1.075
3,2,24,16,0.0,0.74
3,2,24,17,0.0,0.904
3,2,24,20,0.0,0.8909999999999999
3,2,26,6,1.0,1.27
3,2,26,8,1.0,1.382
3,2,26,12,0.0,0.946
3,2,26,19,0.0,1.058
3,2,26,20,0.0,1.288
3,2,28,6,1.0,1.062
3,2,28,8,1.0,1.281
3,2,28,10,0.0,1.1840000000000002
3,2,28,11,0.0,1.024
3,2,28,14,0.0,1.253
3,2,28,15,0.0,1.217
3,2,28,16,0.0,1.399
3,2,30,5,1.0,1.2930000000000001
3,2,30,9,1.0,0.909
3,2,30,12,0.0,1.781
3,2,30,15,0.0,1.311
3,2,30,17,0.0,1.29
3,2,30,18,0.0,0.9520000000000001
3,2,32,7,1.0,1.4409999999999998
3,2,32,15,0.0,0.89
3,2,32,18,0.0,1.4069999999999998
3,2,34,6,1.0,1.114
3,2,34,12,0.0,1.105
3,2,34,18,0.0,1.014
3,2,36,7,1.0,1.05
3,2,36,9,0.0,1.101
3,2,36,13,0.0,1.5490000000000002
3,2,36,14,1.0,1.403
3,2,36,15,0.0,0.8340000000000001
3,2,36,16,0.0,1.063
3,2,36,18,0.0,1.195
3,2,36,20,0.0,0.887
3,2,38,8,1.0,1.584
3,2,38,9,1.0,1.329
3,2,38,18,0.0,1.137
3,2,38,20,0.0,1.218
3,2,40,6,1.0,1.351
3,2,40,8,1.0,0.991
3,2,40,9,0.0,1.082
3,2,40,11,1.0,1.6980000000000002
3,2,40,16,0.0,1.643
3,3,10,5,1.0,2.15
3,3,10,8,0.0,1.808
3,3,10,10,0.0,1.399
3,3,10,13,0.0,0.778
3,3,10,19,0.0,0.997
3,3,10,20,0.0,0.99
3,3,12,8,0.0,1.689
3,3,12,9,0.0,1.489
3,3,12,11,0.0,1.195
3,3,12,16,0.0,0.684
3,3,12,19,0.0,1.2329999999999999
3,3,14,5,1.0,1.506
3,3,14,7,0.0,1.071
3,3,14,10,0.0,1.01
3,3,14,11,0.0,1.194
3,3,14,16,0.0,1.125
3,3,14,18,0.0,1.159
3,3,14,19,0.0,0.865
3,3,16,11,0.0,0.78
3,3,16,15,0.0,1.506
3,3,16,16,0.0,0.977
3,3,16,19,0.0,1.305
3,3,18,6,0.0,0.816
3,3,18,11,0.0,0.8190000000000001
3,3,18,13,0.0,0.955
3,3,18,15,0.0,1.151
3,3,18,16,0.0,0.743
3,3,18,18,0.0,1.14
3,3,18,19,0.0,1.199
3,3,20,8,1.0,1.198
3,3,20,11,0.0,0.778
3,3,20,17,0.0,0.787
3,3,20,20,0.0,1.59
3,3,22,5,1.0,1.3730000000000002
3,3,22,8,1.0,1.025
3,3,22,10,0.0,1.008
3,3,22,11,0.0,0.9990000000000001
3,3,22,12,0.0,1.224
3,3,22,14,0.0,1.215
3,3,22,16,0.0,1.012
3,3,24,6,1.0,0.8
3,3,24,10,0.0,1.056
3,3,24,19,0.0,1.078
3,3,26,7,1.0,1.34
3,3,26,10,0.0,1.0070000000000001
3,3,26,11,0.0,1.03
3,3,26,14,0.0,0.7859999999999999
3,3,26,15,0.0,0.91
3,3,26,17,0.0,1.351
3,3,28,5,1.0,1.1520000000000001
3,3,28,9,1.0,0.973
3,3,28,17,0.0,1.204
3,3,28,18,0.0,1.6269999999999998
3,3,28,20,0.0,1.3230000000000002
3,3,30,7,1.0,1.227
3,3,30,8,0.0,1.125
3,3,30,10,0.0,1.425
3,3,30,11,0.0,1.137
3,3,30,14,0.0,1.035
3,3,30,20,0.0,1.105
3,3,32,8,1.0,1.295
3,3,32,12,0.0,1.0390000000000001
3,3,32,13,0.0,1.075
3,3,32,14,0.0,0.9279999999999999
3,3,34,5,1.0,1.3319999999999999
3,3,34,7,1.0,1.178
3,3,34,8,1.0,1.17
3,3,34,11,0.0,0.85
3,3,34,14,0.0,1.084
3,3,34,15,0.0,1.1059999999999999
3,3,36,5,1.0,1.054
3,3,36,10,0.0,1.287
3,3,36,11,0.0,0.765
3,3,38,6,1.0,1.433
3,3,38,11,0.0,0.965
3,3,38,13,0.0,1.036
3,3,38,15,0.0,1.655
3,3,38,16,0.0,1.056
3,3,38,17,0.0,1.419
3,3,38,19,0.0,1.104
3,3,40,12,0.0,0.872
3,3,40,14,0.0,1.276
3,3,40,17,0.0,2.09
3,3,40,18,0.0,1.023
3,3,40,20,0.0,0.9420000000000001
4,1,10,6,0.0,1.423
4,1,10,7,0.0,1.493
4,1,10,11,0.0,0.948
4,1,10,12,0.0,1.1520000000000001
4,1,10,15,0.0,0.867
4,1,12,6,0.0,2.63
4,1,12,14,0.0,1.092
4,1,12,15,0.0,1.135
4,1,12,17,0.0,1.3659999999999999
4,1,14,6,0.0,1.318
4,1,14,12,0.0,1.159
4,1,14,14,0.0,1.143
4,1,14,17,0.0,1.5490000000000002
4,1,14,20,0.0,1.396
4,1,16,5,0.0,1.899
4,1,16,10,0.0,1.686
4,1,16,12,0.0,1.725
4,1,16,13,0.0,1.3130000000000002
4,1,16,18,0.0,0.991
4,1,16,20,0.0,0.9990000000000001
4,1,18,5,0.0,1.1159999999999999
4,1,18,7,0.0,1.805
4,1,18,8,0.0,1.808
4,1,18,12,0.0,1.8359999999999999
4,1,18,14,0.0,1.248
4,1,18,17,0.0,1.399
4,1,18,20,0.0,1.703
4,1,20,6,0.0,2.294
4,1,20,12,0.0,2.239
4,1,20,15,,
4,1,20,16,0.0,1.55
4,1,20,18,0.0,1.263
4,1,22,7,0.0,1.453
4,1,22,9,0.0,1.8430000000000002
4,1,22,20,0.0,1.205
4,1,24,7,1.0,1.6019999999999999
4,1,24,9,1.0,1.183
4,1,24,12,0.0,1.242
4,1,24,13,1.0,0.001
4,1,24,14,0.0,1.936
4,1,24,18,0.0,1.175
4,1,26,5,1.0,1.6540000000000001
4,1,26,9,1.0,2.095
4,1,26,13,0.0,1.069
4,1,26,16,0.0,1.19
4,1,26,18,0.0,1.765
4,1,28,7,,
4,1,28,12,0.0,1.953
4,1,28,13,0.0,2.032
4,1,28,19,0.0,1.525
4,1,30,6,1.0,1.733
4,1,30,13,0.0,1.757
4,1,30,16,0.0,2.202
4,1,30,19,0.0,1.567
4,1,32,5,1.0,1.5390000000000001
4,1,32,6,1.0,1.774
4,1,32,9,1.0,1.5930000000000002
4,1,32,10,0.0,1.599
4,1,32,11,0.0,2.448
4,1,32,16,0.0,2.019
4,1,32,17,0.0,0.971
4,1,32,19,0.0,2.24
4,1,32,20,0.0,1.493
4,1,34,9,0.0,2.484
4,1,34,10,0.0,2.169
4,1,34,13,0.0,1.536
4,1,34,16,0.0,1.482
4,1,34,17,0.0,1.986
4,1,34,19,0.0,2.4530000000000003
4,1,34,20,0.0,2.322
4,1,36,6,1.0,1.599
4,1,36,8,1.0,2.4130000000000003
4,1,36,12,1.0,2.36
4,1,36,17,0.0,1.776
4,1,36,19,0.0,1.85
4,1,38,5,1.0,1.8840000000000001
4,1,38,7,1.0,1.524
4,1,38,10,0.0,0.001
4,1,38,12,,
4,1,38,14,0.0,1.3530000000000002
4,1,40,5,0.0,1.038
4,1,40,7,1.0,1.35
4,1,40,10,1.0,1.662
4,1,40,13,0.0,2.7910000000000004
4,1,40,15,0.0,1.5190000000000001
4,1,40,19,0.0,2.219
4,2,10,9,0.0,0.93
4,2,10,14,0.0,0.992
4,2,10,16,0.0,0.779
4,2,10,17,0.0,0.865
4,2,10,18,0.0,1.3659999999999999
4,2,12,5,0.0,1.2429999999999999
4,2,12,7,0.0,1.8090000000000002
4,2,12,10,0.0,0.885
4,2,12,12,0.0,1.0270000000000001
4,2,12,13,0.0,0.998
4,2,12,18,0.0,1.2329999999999999
4,2,12,20,0.0,1.183
4,2,14,8,0.0,1.13
4,2,14,9,0.0,1.605
4,2,14,13,0.0,1.2209999999999999
4,2,14,15,0.0,1.006
4,2,16,6,0.0,1.222
4,2,16,7,0.0,1.966
4,2,16,8,0.0,1.8719999999999999
4,2,16,9,0.0,1.62
4,2,16,14,0.0,1.3940000000000001
4,2,16,17,0.0,1.091
4,2,18,9,0.0,1.157
4,2,18,10,0.0,1.5030000000000001
4,2,20,5,1.0,1.44
4,2,20,7,1.0,1.1
4,2,20,9,1.0,1.369
4,2,20,10,0.0,1.5090000000000001
4,2,20,13,0.0,0.98
4,2,20,14,0.0,1.067
4,2,20,19,0.0,1.649
4,2,22,6,1.0,1.632
4,2,22,13,0.0,0.878
4,2,22,15,0.0,0.971
4,2,22,17,0.0,1.88
4,2,22,18,0.0,1.07
4,2,22,19,0.0,1.2329999999999999
4,2,24,5,1.0,1.798
4,2,24,8,1.0,0.9079999999999999
4,2,24,11,0.0,1.382
4,2,24,15,0.0,1.28
4,2,24,16,0.0,1.054
4,2,24,17,0.0,1.213
4,2,24,20,0.0,2.47
4,2,26,6,1.0,1.584
4,2,26,8,1.0,1.891
4,2,26,12,0.0,1.367
4,2,26,19,0.0,1.079
4,2,26,20,0.0,1.364
4,2,28,6,1.0,1.7719999999999998
4,2,28,8,1.0,1.821
4,2,28,10,0.0,1.389
4,2,28,11,0.0,1.507
4,2,28,14,0.0,1.33
4,2,28,15,0.0,1.686
4,2,28,16,0.0,1.797
4,2,30,5,1.0,1.568
4,2,30,9,1.0,1.3840000000000001
4,2,30,12,1.0,1.8259999999999998
4,2,30,15,0.0,1.093
4,2,30,17,0.0,1.5819999999999999
4,2,30,18,0.0,1.4369999999999998
4,2,32,7,1.0,2.204
4,2,32,15,0.0,0.902
4,2,32,18,0.0,0.981
4,2,34,6,0.0,0.001
4,2,34,12,0.0,1.9080000000000001
4,2,34,18,0.0,1.643
4,2,36,7,1.0,1.673
4,2,36,9,1.0,1.449
4,2,36,13,1.0,1.3319999999999999
4,2,36,14,0.0,1.092
4,2,36,15,0.0,2.015
4,2,36,16,0.0,1.382
4,2,36,18,0.0,1.64
4,2,36,20,0.0,1.4069999999999998
4,2,38,8,1.0,1.858
4,2,38,9,1.0,1.19
4,2,38,18,0.0,2.821
4,2,38,20,0.0,1.653
4,2,40,6,1.0,1.148
4,2,40,8,0.0,0.001
4,2,40,9,1.0,1.5819999999999999
4,2,40,11,1.0,1.67
4,2,40,16,1.0,2.055
4,3,10,5,0.0,1.474
4,3,10,8,0.0,1.196
4,3,10,10,0.0,1.158
4,3,10,13,0.0,1.015
4,3,10,19,0.0,0.9540000000000001
4,3,10,20,0.0,1.131
4,3,12,8,0.0,1.038
4,3,12,9,0.0,1.334
4,3,12,11,0.0,0.856
4,3,12,16,0.0,1.022
4,3,12,19,0.0,1.078
4,3,14,5,0.0,1.14
4,3,14,7,0.0,1.288
4,3,14,10,0.0,1.214
4,3,14,11,0.0,0.904
4,3,14,16,0.0,0.985
4,3,14,18,0.0,1.013
4,3,14,19,0.0,1.071
4,3,16,11,0.0,1.247
4,3,16,15,0.0,1.788
4,3,16,16,0.0,1.304
4,3,16,19,0.0,1.245
4,3,18,6,1.0,2.173
4,3,18,11,0.0,1.4
4,3,18,13,0.0,1.5119999999999998
4,3,18,15,0.0,1.077
4,3,18,16,0.0,1.69
4,3,18,18,0.0,1.071
4,3,18,19,0.0,1.23
4,3,20,8,0.0,1.475
4,3,20,11,0.0,1.1740000000000002
4,3,20,17,0.0,1.199
4,3,20,20,0.0,1.1059999999999999
4,3,22,5,1.0,1.3119999999999998
4,3,22,8,1.0,1.574
4,3,22,10,0.0,1.205
4,3,22,11,0.0,1.205
4,3,22,12,0.0,1.541
4,3,22,14,0.0,1.406
4,3,22,16,0.0,2.511
4,3,24,6,1.0,1.492
4,3,24,10,0.0,1.126
4,3,24,19,0.0,1.17
4,3,26,7,1.0,1.7369999999999999
4,3,26,10,0.0,1.171
4,3,26,11,0.0,1.6680000000000001
4,3,26,14,0.0,0.902
4,3,26,15,0.0,1.386
4,3,26,17,0.0,1.252
4,3,28,5,1.0,1.636
4,3,28,9,1.0,1.653
4,3,28,17,0.0,1.745
4,3,28,18,0.0,1.2309999999999999
4,3,28,20,0.0,1.2429999999999999
4,3,30,7,1.0,2.3040000000000003
4,3,30,8,1.0,1.4240000000000002
4,3,30,10,1.0,1.0390000000000001
4,3,30,11,1.0,1.23
4,3,30,14,0.0,1.209
4,3,30,20,0.0,1.2209999999999999
4,3,32,8,1.0,2.175
4,3,32,12,0.0,2.439
4,3,32,13,0.0,1.919
4,3,32,14,0.0,1.6869999999999998
4,3,34,5,1.0,1.9040000000000001
4,3,34,7,1.0,2.204
4,3,34,8,1.0,1.854
4,3,34,11,1.0,1.1179999999999999
4,3,34,14,0.0,1.625
4,3,34,15,0.0,1.38
4,3,36,5,1.0,1.304
4,3,36,10,1.0,1.459
4,3,36,11,1.0,2.019
4,3,38,6,1.0,1.215
4,3,38,11,1.0,1.482
4,3,38,13,0.0,2.508
4,3,38,15,0.0,1.6280000000000001
4,3,38,16,0.0,1.148
4,3,38,17,0.0,1.465
4,3,38,19,0.0,1.246
4,3,40,12,1.0,2.2119999999999997
4,3,40,14,1.0,1.3769999999999998
4,3,40,17,0.0,2.015
4,3,40,18,0.0,1.492
4,3,40,20,0.0,1.204
5,1,10,6,,
5,1,10,7,,
5,1,10,11,0.0,2.2030000000000003
5,1,10,12,0.0,0.001
5,1,10,15,,
5,1,12,6,,
5,1,12,14,,
5,1,12,15,,
5,1,12,17,0.0,2.471
5,1,14,6,,
5,1,14,12,,
5,1,14,14,0.0,1.805
5,1,14,17,,
5,1,14,20,,
5,1,16,5,,
5,1,16,10,,
5,1,16,12,0.0,2.738
5,1,16,13,,
5,1,16,18,0.0,1.694
5,1,16,20,,
5,1,18,5,,
5,1,18,7,,
5,1,18,8,,
5,1,18,12,,
5,1,18,14,,
5,1,18,17,,
5,1,18,20,1.0,0.001
5,1,20,6,,
5,1,20,12,1.0,0.001
5,1,20,15,,
5,1,20,16,,
5,1,20,18,,
5,1,22,7,,
5,1,22,9,,
5,1,22,20,0.0,1.966
5,1,24,7,,
5,1,24,9,,
5,1,24,12,,
5,1,24,13,,
5,1,24,14,,
5,1,24,18,,
5,1,26,5,,
5,1,26,9,,
5,1,26,13,1.0,0.001
5,1,26,16,,
5,1,26,18,0.0,1.722
5,1,28,7,1.0,1.672
5,1,28,12,,
5,1,28,13,,
5,1,28,19,,
5,1,30,6,1.0,2.385
5,1,30,13,,
5,1,30,16,,
5,1,30,19,0.0,2.483
5,1,32,5,1.0,0.001
5,1,32,6,1.0,2.346
5,1,32,9,,
5,1,32,10,,
5,1,32,11,,
5,1,32,16,,
5,1,32,17,,
5,1,32,19,,
5,1,32,20,,
5,1,34,9,1.0,2.138
5,1,34,10,,
5,1,34,13,,
5,1,34,16,,
5,1,34,17,,
5,1,34,19,,
5,1,34,20,,
5,1,36,6,,
5,1,36,8,,
5,1,36,12,0.0,2.6719999999999997
5,1,36,17,,
5,1,36,19,,
5,1,38,5,1.0,1.474
5,1,38,7,0.0,0.001
5,1,38,10,,
5,1,38,12,,
5,1,38,14,,
5,1,40,5,,
5,1,40,7,,
5,1,40,10,1.0,1.97
5,1,40,13,,
5,1,40,15,,
5,1,40,19,,
5,2,10,9,0.0,1.7630000000000001
5,2,10,14,0.0,2.551
5,2,10,16,0.0,1.21
5,2,10,17,,
5,2,10,18,0.0,1.733
5,2,12,5,0.0,0.001
5,2,12,7,0.0,2.448
5,2,12,10,0.0,2.004
5,2,12,12,0.0,1.156
5,2,12,13,0.0,1.3019999999999998
5,2,12,18,0.0,1.168
5,2,12,20,0.0,1.975
5,2,14,8,,
5,2,14,9,1.0,2.145
5,2,14,13,0.0,1.62
5,2,14,15,0.0,1.661
5,2,16,6,1.0,1.3730000000000002
5,2,16,7,1.0,2.336
5,2,16,8,0.0,2.271
5,2,16,9,0.0,2.861
5,2,16,14,0.0,1.4280000000000002
5,2,16,17,0.0,0.001
5,2,18,9,0.0,2.938
5,2,18,10,0.0,1.911
5,2,20,5,1.0,1.536
5,2,20,7,1.0,1.317
5,2,20,9,1.0,1.232
5,2,20,10,0.0,2.135
5,2,20,13,,
5,2,20,14,0.0,1.724
5,2,20,19,0.0,0.001
5,2,22,6,1.0,0.001
5,2,22,13,0.0,2.229
5,2,22,15,0.0,2.611
5,2,22,17,1.0,1.906
5,2,22,18,0.0,1.5659999999999998
5,2,22,19,0.0,1.569
5,2,24,5,1.0,1.9909999999999999
5,2,24,8,1.0,1.659
5,2,24,11,0.0,1.39
5,2,24,15,0.0,2.2640000000000002
5,2,24,16,,
5,2,24,17,,
5,2,24,20,0.0,1.335
5,2,26,6,1.0,1.615
5,2,26,8,1.0,1.834
5,2,26,12,0.0,1.767
5,2,26,19,0.0,2.0469999999999997
5,2,26,20,0.0,2.108
5,2,28,6,1.0,2.501
5,2,28,8,,
5,2,28,10,0.0,1.942
5,2,28,11,0.0,0.001
5,2,28,14,,
5,2,28,15,0.0,2.8289999999999997
5,2,28,16,0.0,2.325
5,2,30,5,1.0,1.288
5,2,30,9,1.0,1.383
5,2,30,12,0.0,2.705
5,2,30,15,0.0,0.001
5,2,30,17,1.0,0.001
5,2,30,18,0.0,0.001
5,2,32,7,1.0,0.001
5,2,32,15,,
5,2,32,18,0.0,1.7480000000000002
5,2,34,6,1.0,2.07
5,2,34,12,0.0,2.676
5,2,34,18,,
5,2,36,7,1.0,1.455
5,2,36,9,1.0,2.673
5,2,36,13,1.0,1.49
5,2,36,14,0.0,1.9240000000000002
5,2,36,15,1.0,0.001
5,2,36,16,1.0,0.001
5,2,36,18,1.0,2.7439999999999998
5,2,36,20,0.0,2.002
5,2,38,8,1.0,2.419
5,2,38,9,1.0,1.014
5,2,38,18,0.0,1.443
5,2,38,20,0.0,1.6669999999999998
5,2,40,6,1.0,1.1059999999999999
5,2,40,8,0.0,1.2819999999999998
5,2,40,9,,
5,2,40,11,1.0,2.278
5,2,40,16,,
5,3,10,5,0.0,2.2769999999999997
5,3,10,8,0.0,1.3019999999999998
5,3,10,10,0.0,1.405
5,3,10,13,0.0,1.145
5,3,10,19,0.0,1.828
5,3,10,20,0.0,0.001
5,3,12,8,0.0,2.217
5,3,12,9,,
5,3,12,11,0.0,1.131
5,3,12,16,0.0,1.18
5,3,12,19,0.0,1.67
5,3,14,5,1.0,1.8630000000000002
5,3,14,7,0.0,1.732
5,3,14,10,0.0,1.594
5,3,14,11,0.0,2.103
5,3,14,16,0.0,0.9
5,3,14,18,0.0,1.445
5,3,14,19,0.0,1.4680000000000002
5,3,16,11,0.0,1.412
5,3,16,15,0.0,0.99
5,3,16,16,0.0,1.178
5,3,16,19,0.0,1.3519999999999999
5,3,18,6,1.0,2.2880000000000003
5,3,18,11,0.0,1.861
5,3,18,13,0.0,2.377
5,3,18,15,0.0,2.079
5,3,18,16,0.0,1.173
5,3,18,18,1.0,0.001
5,3,18,19,0.0,1.6869999999999998
5,3,20,8,1.0,1.671
5,3,20,11,0.0,1.921
5,3,20,17,0.0,1.466
5,3,20,20,0.0,1.979
5,3,22,5,1.0,2.546
5,3,22,8,1.0,1.432
5,3,22,10,0.0,2.062
5,3,22,11,0.0,2.267
5,3,22,12,0.0,2.015
5,3,22,14,,
5,3,22,16,0.0,0.745
5,3,24,6,1.0,2.423
5,3,24,10,0.0,2.8339999999999996
5,3,24,19,0.0,1.7369999999999999
5,3,26,7,1.0,2.126
5,3,26,10,0.0,1.485
5,3,26,11,0.0,2.5340000000000003
5,3,26,14,,
5,3,26,15,,
5,3,26,17,1.0,2.9730000000000003
5,3,28,5,1.0,1.5030000000000001
5,3,28,9,1.0,2.3680000000000003
5,3,28,17,1.0,2.528
5,3,28,18,0.0,1.972
5,3,28,20,0.0,1.78
5,3,30,7,1.0,1.2570000000000001
5,3,30,8,1.0,1.203
5,3,30,10,1.0,2.608
5,3,30,11,1.0,1.703
5,3,30,14,1.0,2.147
5,3,30,20,0.0,2.456
5,3,32,8,1.0,0.008
5,3,32,12,0.0,1.848
5,3,32,13,1.0,2.1519999999999997
5,3,32,14,0.0,2.657
5,3,34,5,1.0,1.212
5,3,34,7,1.0,0.9390000000000001
5,3,34,8,1.0,2.376
5,3,34,11,,
5,3,34,14,0.0,2.844
5,3,34,15,0.0,1.71
5,3,36,5,1.0,1.4980000000000002
5,3,36,10,1.0,1.901
5,3,36,11,0.0,0.001
5,3,38,6,1.0,2.154
5,3,38,11,0.0,2.605
5,3,38,13,1.0,2.734
5,3,38,15,0.0,1.735
5,3,38,16,1.0,2.201
5,3,38,17,,
5,3,38,19,1.0,0.001
5,3,40,12,1.0,2.6069999999999998
5,3,40,14,1.0,0.001
5,3,40,17,0.0,2.424
5,3,40,18,1.0,2.925
5,3,40,20,0.0,2.113
6,1,10,6,0.0,0.996
6,1,10,7,0.0,1.037
6,1,10,11,0.0,0.8240000000000001
6,1,10,12,0.0,0.764
6,1,10,15,0.0,0.688
6,1,12,6,0.0,1.382
6,1,12,14,0.0,1.082
6,1,12,15,0.0,1.061
6,1,12,17,0.0,0.7440000000000001
6,1,14,6,0.0,1.15
6,1,14,12,0.0,0.865
6,1,14,14,0.0,0.94
6,1,14,17,0.0,0.893
6,1,14,20,0.0,0.9279999999999999
6,1,16,5,1.0,0.8079999999999999
6,1,16,10,0.0,0.831
6,1,16,12,0.0,0.9790000000000001
6,1,16,13,0.0,1.0390000000000001
6,1,16,18,0.0,0.852
6,1,16,20,0.0,0.784
6,1,18,5,1.0,0.9059999999999999
6,1,18,7,0.0,1.123
6,1,18,8,0.0,1.3869999999999998
6,1,18,12,0.0,0.919
6,1,18,14,0.0,0.8490000000000001
6,1,18,17,0.0,0.912
6,1,18,20,0.0,0.868
6,1,20,6,1.0,0.912
6,1,20,12,0.0,1.079
6,1,20,15,0.0,1.045
6,1,20,16,0.0,0.92
6,1,20,18,0.0,1.125
6,1,22,7,1.0,0.8
6,1,22,9,0.0,1.109
6,1,22,20,0.0,0.915
6,1,24,7,1.0,0.845
6,1,24,9,1.0,0.9359999999999999
6,1,24,12,0.0,1.226
6,1,24,13,0.0,1.679
6,1,24,14,0.0,1.27
6,1,24,18,0.0,1.031
6,1,26,5,1.0,0.9209999999999999
6,1,26,9,1.0,1.028
6,1,26,13,1.0,1.178
6,1,26,16,0.0,0.9229999999999999
6,1,26,18,0.0,0.88
6,1,28,7,1.0,1.075
6,1,28,12,0.0,1.109
6,1,28,13,0.0,1.401
6,1,28,19,0.0,1.351
6,1,30,6,1.0,0.904
6,1,30,13,1.0,1.087
6,1,30,16,1.0,0.948
6,1,30,19,1.0,0.993
6,1,32,5,1.0,0.8640000000000001
6,1,32,6,1.0,0.9079999999999999
6,1,32,9,1.0,0.882
6,1,32,10,1.0,1.226
6,1,32,11,1.0,0.889
6,1,32,16,0.0,1.135
6,1,32,17,0.0,1.069
6,1,32,19,1.0,1.294
6,1,32,20,1.0,1.056
6,1,34,9,1.0,0.797
6,1,34,10,1.0,1.274
6,1,34,13,1.0,0.94
6,1,34,16,1.0,1.034
6,1,34,17,1.0,0.9520000000000001
6,1,34,19,0.0,1.24
6,1,34,20,0.0,0.9129999999999999
6,1,36,6,1.0,0.737
6,1,36,8,1.0,0.987
6,1,36,12,1.0,1.137
6,1,36,17,1.0,0.982
6,1,36,19,1.0,1.195
6,1,38,5,1.0,0.922
6,1,38,7,1.0,0.736
6,1,38,10,1.0,0.773
6,1,38,12,1.0,1.15
6,1,38,14,1.0,1.097
6,1,40,5,1.0,0.9309999999999999
6,1,40,7,1.0,0.8370000000000001
6,1,40,10,1.0,0.888
6,1,40,13,1.0,1.056
6,1,40,15,1.0,1.115
6,1,40,19,1.0,1.085
6,2,10,9,0.0,0.9890000000000001
6,2,10,14,0.0,0.987
6,2,10,16,0.0,0.809
6,2,10,17,0.0,0.802
6,2,10,18,0.0,0.866
6,2,12,5,1.0,1.244
6,2,12,7,0.0,1.109
6,2,12,10,0.0,0.847
6,2,12,12,0.0,0.8390000000000001
6,2,12,13,0.0,0.735
6,2,12,18,0.0,1.08
6,2,12,20,0.0,0.8959999999999999
6,2,14,8,0.0,0.963
6,2,14,9,0.0,0.9940000000000001
6,2,14,13,0.0,0.9640000000000001
6,2,14,15,0.0,0.8420000000000001
6,2,16,6,1.0,1.058
6,2,16,7,0.0,1.371
6,2,16,8,0.0,1.338
6,2,16,9,0.0,1.229
6,2,16,14,0.0,0.894
6,2,16,17,0.0,0.847
6,2,18,9,1.0,1.14
6,2,18,10,0.0,1.1420000000000001
6,2,20,5,1.0,0.883
6,2,20,7,1.0,0.711
6,2,20,9,1.0,1.083
6,2,20,10,1.0,1.146
6,2,20,13,0.0,0.919
6,2,20,14,0.0,0.8390000000000001
6,2,20,19,0.0,1.065
6,2,22,6,1.0,0.955
6,2,22,13,0.0,1.047
6,2,22,15,0.0,0.8759999999999999
6,2,22,17,0.0,1.0390000000000001
6,2,22,18,0.0,1.091
6,2,22,19,0.0,0.9440000000000001
6,2,24,5,1.0,0.851
6,2,24,8,1.0,0.705
6,2,24,11,1.0,1.446
6,2,24,15,0.0,1.177
6,2,24,16,0.0,0.91
6,2,24,17,0.0,1.023
6,2,24,20,0.0,1.155
6,2,26,6,1.0,1.193
6,2,26,8,1.0,1.008
6,2,26,12,1.0,1.031
6,2,26,19,0.0,1.038
6,2,26,20,0.0,0.937
6,2,28,6,1.0,1.073
6,2,28,8,1.0,0.826
6,2,28,10,0.0,0.89
6,2,28,11,0.0,1.258
6,2,28,14,1.0,1.24
6,2,28,15,1.0,1.061
6,2,28,16,1.0,1.213
6,2,30,5,1.0,1.392
6,2,30,9,1.0,0.833
6,2,30,12,1.0,0.924
6,2,30,15,1.0,1.052
6,2,30,17,0.0,1.099
6,2,30,18,1.0,1.46
6,2,32,7,1.0,1.043
6,2,32,15,0.0,1.199
6,2,32,18,0.0,1.214
6,2,34,6,1.0,1.198
6,2,34,12,1.0,1.08
6,2,34,18,1.0,1.2409999999999999
6,2,36,7,1.0,0.848
6,2,36,9,1.0,0.987
6,2,36,13,1.0,1.496
6,2,36,14,0.0,1.078
6,2,36,15,1.0,1.001
6,2,36,16,1.0,1.254
6,2,36,18,1.0,1.875
6,2,36,20,0.0,1.018
6,2,38,8,1.0,0.9890000000000001
6,2,38,9,1.0,0.8079999999999999
6,2,38,18,1.0,0.991
6,2,38,20,0.0,1.1909999999999998
6,2,40,6,1.0,0.903
6,2,40,8,1.0,0.9670000000000001
6,2,40,9,1.0,1.054
6,2,40,11,1.0,0.97
6,2,40,16,1.0,0.982
6,3,10,5,1.0,1.518
6,3,10,8,0.0,1.469
6,3,10,10,0.0,1.1909999999999998
6,3,10,13,0.0,0.9470000000000001
6,3,10,19,0.0,0.892
6,3,10,20,0.0,0.932
6,3,12,8,0.0,1.136
6,3,12,9,0.0,1.038
6,3,12,11,0.0,0.828
6,3,12,16,0.0,0.9
6,3,12,19,0.0,0.8340000000000001
6,3,14,5,0.0,1.1909999999999998
6,3,14,7,1.0,1.43
6,3,14,10,0.0,1.2
6,3,14,11,0.0,0.9329999999999999
6,3,14,16,0.0,0.758
6,3,14,18,0.0,0.9670000000000001
6,3,14,19,0.0,1.0190000000000001
6,3,16,11,0.0,1.19
6,3,16,15,0.0,1.031
6,3,16,16,0.0,0.897
6,3,16,19,0.0,1.295
6,3,18,6,0.0,1.6030000000000002
6,3,18,11,0.0,1.266
6,3,18,13,0.0,1.123
6,3,18,15,0.0,0.9590000000000001
6,3,18,16,0.0,1.193
6,3,18,18,0.0,1.018
6,3,18,19,0.0,1.54
6,3,20,8,1.0,1.258
6,3,20,11,0.0,1.004
6,3,20,17,0.0,1.112
6,3,20,20,0.0,1.051
6,3,22,5,1.0,1.073
6,3,22,8,1.0,1.556
6,3,22,10,0.0,1.13
6,3,22,11,0.0,1.004
6,3,22,12,1.0,1.023
6,3,22,14,0.0,1.179
6,3,22,16,0.0,1.2890000000000001
6,3,24,6,1.0,2.154
6,3,24,10,1.0,1.755
6,3,24,19,0.0,1.205
6,3,26,7,1.0,0.893
6,3,26,10,1.0,1.107
6,3,26,11,1.0,1.015
6,3,26,14,1.0,1.1440000000000001
6,3,26,15,1.0,1.1
6,3,26,17,0.0,1.287
6,3,28,5,1.0,0.903
6,3,28,9,1.0,1.168
6,3,28,17,1.0,2.021
6,3,28,18,1.0,1.703
6,3,28,20,0.0,1.3230000000000002
6,3,30,7,1.0,0.929
6,3,30,8,1.0,0.89
6,3,30,10,1.0,1.162
6,3,30,11,1.0,1.331
6,3,30,14,1.0,1.347
6,3,30,20,0.0,1.123
6,3,32,8,1.0,1.023
6,3,32,12,1.0,1.3419999999999999
6,3,32,13,0.0,1.2790000000000001
6,3,32,14,0.0,1.699
6,3,34,5,1.0,0.7879999999999999
6,3,34,7,1.0,1.033
6,3,34,8,1.0,1.112
6,3,34,11,1.0,1.392
6,3,34,14,1.0,1.141
6,3,34,15,1.0,1.235
6,3,36,5,1.0,0.894
6,3,36,10,1.0,0.9129999999999999
6,3,36,11,1.0,1.339
6,3,38,6,1.0,0.919
6,3,38,11,1.0,1.425
6,3,38,13,1.0,1.179
6,3,38,15,1.0,0.9990000000000001
6,3,38,16,1.0,1.983
6,3,38,17,0.0,1.725
6,3,38,19,1.0,2.171
6,3,40,12,1.0,1.138
6,3,40,14,1.0,1.092
6,3,40,17,1.0,0.8959999999999999
6,3,40,18,1.0,1.508
6,3,40,20,1.0,1.3259999999999998
7,1,10,6,1.0,1.172
7,1,10,7,1.0,1.3430000000000002
7,1,10,11,0.0,1.9040000000000001
7,1,10,12,0.0,1.172
7,1,10,15,0.0,0.9209999999999999
7,1,12,6,1.0,1.113
7,1,12,14,0.0,1.219
7,1,12,15,0.0,1.204
7,1,12,17,0.0,1.252
7,1,14,6,1.0,1.006
7,1,14,12,1.0,1.521
7,1,14,14,0.0,1.999
7,1,14,17,0.0,1.371
7,1,14,20,0.0,1.1440000000000001
7,1,16,5,1.0,1.535
7,1,16,10,1.0,1.072
7,1,16,12,1.0,0.877
7,1,16,13,0.0,1.4909999999999999
7,1,16,18,0.0,1.575
7,1,16,20,0.0,1.208
7,1,18,5,1.0,0.9790000000000001
7,1,18,7,1.0,1.2429999999999999
7,1,18,8,1.0,0.9490000000000001
7,1,18,12,1.0,2.399
7,1,18,14,1.0,1.2409999999999999
7,1,18,17,1.0,1.4969999999999999
7,1,18,20,0.0,1.5719999999999998
7,1,20,6,1.0,1.115
7,1,20,12,1.0,1.4709999999999999
7,1,20,15,1.0,2.401
7,1,20,16,1.0,1.4
7,1,20,18,1.0,0.992
7,1,22,7,1.0,0.9670000000000001
7,1,22,9,1.0,1.652
7,1,22,20,1.0,1.964
7,1,24,7,1.0,0.91
7,1,24,9,1.0,1.87
7,1,24,12,1.0,1.579
7,1,24,13,1.0,1.65
7,1,24,14,1.0,1.307
7,1,24,18,1.0,1.351
7,1,26,5,1.0,0.843
7,1,26,9,1.0,1.868
7,1,26,13,,
7,1,26,16,1.0,0.8029999999999999
7,1,26,18,1.0,1.0979999999999999
7,1,28,7,1.0,1.2109999999999999
7,1,28,12,1.0,1.176
7,1,28,13,1.0,0.868
7,1,28,19,1.0,0.88
7,1,30,6,1.0,1.002
7,1,30,13,1.0,0.723
7,1,30,16,1.0,1.261
7,1,30,19,1.0,1.995
7,1,32,5,1.0,0.9009999999999999
7,1,32,6,1.0,0.973
7,1,32,9,1.0,1.024
7,1,32,10,1.0,1.273
7,1,32,11,1.0,0.885
7,1,32,16,1.0,1.0290000000000001
7,1,32,17,1.0,0.85
7,1,32,19,1.0,1.01
7,1,32,20,1.0,2.296
7,1,34,9,1.0,0.998
7,1,34,10,1.0,0.858
7,1,34,13,1.0,0.852
7,1,34,16,1.0,1.099
7,1,34,17,1.0,1.66
7,1,34,19,1.0,1.1520000000000001
7,1,34,20,1.0,1.107
7,1,36,6,1.0,1.321
7,1,36,8,1.0,0.795
7,1,36,12,1.0,1.964
7,1,36,17,1.0,0.9490000000000001
7,1,36,19,1.0,1.012
7,1,38,5,,
7,1,38,7,1.0,1.311
7,1,38,10,1.0,1.229
7,1,38,12,1.0,1.162
7,1,38,14,1.0,1.018
7,1,40,5,1.0,0.7040000000000001
7,1,40,7,1.0,0.82
7,1,40,10,1.0,0.9390000000000001
7,1,40,13,1.0,0.981
7,1,40,15,1.0,0.8590000000000001
7,1,40,19,1.0,1.23
7,2,10,9,1.0,1.896
7,2,10,14,0.0,1.157
7,2,10,16,0.0,1.041
7,2,10,17,0.0,1.4280000000000002
7,2,10,18,0.0,1.43
7,2,12,5,1.0,1.3030000000000002
7,2,12,7,1.0,1.77
7,2,12,10,0.0,1.088
7,2,12,12,0.0,1.162
7,2,12,13,0.0,1.219
7,2,12,18,0.0,1.3619999999999999
7,2,12,20,0.0,1.371
7,2,14,8,1.0,1.6869999999999998
7,2,14,9,1.0,1.8019999999999998
7,2,14,13,0.0,1.275
7,2,14,15,0.0,1.173
7,2,16,6,1.0,1.149
7,2,16,7,1.0,1.327
7,2,16,8,1.0,1.091
7,2,16,9,1.0,1.189
7,2,16,14,0.0,1.45
7,2,16,17,0.0,1.67
7,2,18,9,1.0,0.904
7,2,18,10,1.0,2.044
7,2,20,5,1.0,0.858
7,2,20,7,1.0,1.162
7,2,20,9,1.0,1.27
7,2,20,10,1.0,0.9179999999999999
7,2,20,13,1.0,2.1069999999999998
7,2,20,14,0.0,1.2409999999999999
7,2,20,19,0.0,2.6430000000000002
7,2,22,6,1.0,0.97
7,2,22,13,1.0,1.0170000000000001
7,2,22,15,,
7,2,22,17,0.0,1.9180000000000001
7,2,22,18,0.0,2.399
7,2,22,19,0.0,1.625
7,2,24,5,1.0,1.319
7,2,24,8,1.0,0.993
7,2,24,11,1.0,1.3719999999999999
7,2,24,15,1.0,1.285
7,2,24,16,1.0,1.954
7,2,24,17,1.0,1.841
7,2,24,20,,
7,2,26,6,1.0,1.411
7,2,26,8,1.0,2.434
7,2,26,12,1.0,1.117
7,2,26,19,1.0,2.767
7,2,26,20,1.0,1.255
7,2,28,6,1.0,1.226
7,2,28,8,1.0,0.889
7,2,28,10,1.0,1.2890000000000001
7,2,28,11,1.0,1.318
7,2,28,14,1.0,1.7790000000000001
7,2,28,15,1.0,0.8490000000000001
7,2,28,16,1.0,1.385
7,2,30,5,1.0,0.883
7,2,30,9,1.0,1.6219999999999999
7,2,30,12,1.0,2.494
7,2,30,15,1.0,1.024
7,2,30,17,1.0,2.006
7,2,30,18,,
7,2,32,7,1.0,1.01
7,2,32,15,1.0,2.115
7,2,32,18,1.0,1.355
7,2,34,6,1.0,1.103
7,2,34,12,1.0,1.12
7,2,34,18,1.0,1.117
7,2,36,7,1.0,0.622
7,2,36,9,1.0,1.541
7,2,36,13,1.0,1.54
7,2,36,14,1.0,1.764
7,2,36,15,1.0,1.6019999999999999
7,2,36,16,1.0,0.826
7,2,36,18,1.0,2.085
7,2,36,20,,
7,2,38,8,1.0,1.2329999999999999
7,2,38,9,1.0,1.594
7,2,38,18,1.0,1.068
7,2,38,20,1.0,1.6740000000000002
7,2,40,6,1.0,1.062
7,2,40,8,1.0,0.745
7,2,40,9,1.0,0.95
7,2,40,11,1.0,1.088
7,2,40,16,1.0,1.082
7,3,10,5,1.0,1.589
7,3,10,8,1.0,1.6540000000000001
7,3,10,10,0.0,1.044
7,3,10,13,0.0,1.494
7,3,10,19,0.0,1.413
7,3,10,20,0.0,1.2109999999999999
7,3,12,8,1.0,2.5269999999999997
7,3,12,9,,
7,3,12,11,0.0,2.523
7,3,12,16,0.0,2.388
7,3,12,19,0.0,1.429
7,3,14,5,1.0,0.9670000000000001
7,3,14,7,,
7,3,14,10,0.0,1.3090000000000002
7,3,14,11,,
7,3,14,16,0.0,1.537
7,3,14,18,0.0,1.2229999999999999
7,3,14,19,0.0,1.421
7,3,16,11,1.0,2.081
7,3,16,15,0.0,1.0859999999999999
7,3,16,16,0.0,1.051
7,3,16,19,0.0,1.101
7,3,18,6,1.0,0.85
7,3,18,11,0.0,2.363
7,3,18,13,0.0,1.355
7,3,18,15,0.0,2.174
7,3,18,16,0.0,2.3480000000000003
7,3,18,18,0.0,0.732
7,3,18,19,0.0,1.2229999999999999
7,3,20,8,1.0,0.898
7,3,20,11,1.0,1.535
7,3,20,17,1.0,2.617
7,3,20,20,0.0,1.032
7,3,22,5,1.0,1.248
7,3,22,8,1.0,1.107
7,3,22,10,0.0,1.6340000000000001
7,3,22,11,1.0,1.345
7,3,22,12,1.0,1.75
7,3,22,14,0.0,0.7609999999999999
7,3,22,16,1.0,1.5819999999999999
7,3,24,6,1.0,1.265
7,3,24,10,,
7,3,24,19,,
7,3,26,7,1.0,1.245
7,3,26,10,1.0,1.185
7,3,26,11,1.0,1.983
7,3,26,14,1.0,1.777
7,3,26,15,1.0,1.284
7,3,26,17,,
7,3,28,5,1.0,2.182
7,3,28,9,1.0,1.524
7,3,28,17,,
7,3,28,18,,
7,3,28,20,,
7,3,30,7,1.0,0.8370000000000001
7,3,30,8,1.0,0.9740000000000001
7,3,30,10,1.0,1.354
7,3,30,11,0.0,1.069
7,3,30,14,1.0,0.695
7,3,30,20,0.0,1.074
7,3,32,8,1.0,1.249
7,3,32,12,1.0,1.081
7,3,32,13,0.0,1.77
7,3,32,14,1.0,2.5540000000000003
7,3,34,5,1.0,0.9
7,3,34,7,1.0,0.9590000000000001
7,3,34,8,,
7,3,34,11,0.0,1.4369999999999998
7,3,34,14,1.0,0.715
7,3,34,15,1.0,1.137
7,3,36,5,1.0,1.5030000000000001
7,3,36,10,,
7,3,36,11,1.0,1.137
7,3,38,6,1.0,1.1159999999999999
7,3,38,11,,
7,3,38,13,1.0,0.985
7,3,38,15,1.0,1.39
7,3,38,16,1.0,1.341
7,3,38,17,1.0,1.796
7,3,38,19,,
7,3,40,12,1.0,0.9890000000000001
7,3,40,14,1.0,1.2429999999999999
7,3,40,17,1.0,1.11
7,3,40,18,1.0,1.385
7,3,40,20,,
8,1,10,6,0.0,1.432
8,1,10,7,0.0,1.026
8,1,10,11,0.0,1.122
8,1,10,12,0.0,1.296
8,1,10,15,0.0,1.044
8,1,12,6,1.0,1.3630000000000002
8,1,12,14,0.0,1.271
8,1,12,15,0.0,1.24
8,1,12,17,0.0,1.285
8,1,14,6,1.0,1.537
8,1,14,12,0.0,1.12
8,1,14,14,0.0,1.179
8,1,14,17,0.0,0.807
8,1,14,20,0.0,1.084
8,1,16,5,1.0,0.915
8,1,16,10,1.0,0.828
8,1,16,12,0.0,1.048
8,1,16,13,0.0,1.254
8,1,16,18,0.0,1.555
8,1,16,20,0.0,1.0290000000000001
8,1,18,5,1.0,0.887
8,1,18,7,1.0,1.368
8,1,18,8,1.0,1.369
8,1,18,12,0.0,0.7709999999999999
8,1,18,14,0.0,1.357
8,1,18,17,0.0,0.8440000000000001
8,1,18,20,0.0,0.9440000000000001
8,1,20,6,1.0,0.8240000000000001
8,1,20,12,0.0,1.18
8,1,20,15,0.0,0.9329999999999999
8,1,20,16,0.0,0.981
8,1,20,18,0.0,0.9329999999999999
8,1,22,7,1.0,0.767
8,1,22,9,1.0,1.818
8,1,22,20,0.0,1.047
8,1,24,7,1.0,0.937
8,1,24,9,1.0,1.331
8,1,24,12,1.0,1.238
8,1,24,13,1.0,1.367
8,1,24,14,1.0,1.129
8,1,24,18,1.0,1.068
8,1,26,5,1.0,1.0070000000000001
8,1,26,9,1.0,1.7280000000000002
8,1,26,13,1.0,0.892
8,1,26,16,1.0,0.968
8,1,26,18,1.0,1.391
8,1,28,7,1.0,1.185
8,1,28,12,1.0,1.188
8,1,28,13,1.0,1.2570000000000001
8,1,28,19,1.0,1.012
8,1,30,6,1.0,0.727
8,1,30,13,1.0,1.12
8,1,30,16,1.0,0.9640000000000001
8,1,30,19,1.0,1.186
8,1,32,5,1.0,0.835
8,1,32,6,1.0,0.792
8,1,32,9,1.0,0.871
8,1,32,10,1.0,0.9740000000000001
8,1,32,11,1.0,0.905
8,1,32,16,1.0,1.186
8,1,32,17,1.0,0.813
8,1,32,19,1.0,1.117
8,1,32,20,1.0,1.236
8,1,34,9,1.0,1.033
8,1,34,10,1.0,0.9990000000000001
8,1,34,13,1.0,2.049
8,1,34,16,1.0,1.0859999999999999
8,1,34,17,1.0,1.301
8,1,34,19,1.0,1.026
8,1,34,20,1.0,1.206
8,1,36,6,1.0,0.773
8,1,36,8,1.0,0.775
8,1,36,12,1.0,1.36
8,1,36,17,1.0,1.097
8,1,36,19,1.0,1.6340000000000001
8,1,38,5,1.0,0.6970000000000001
8,1,38,7,1.0,0.722
8,1,38,10,1.0,0.8170000000000001
8,1,38,12,1.0,1.537
8,1,38,14,1.0,1.486
8,1,40,5,1.0,0.7559999999999999
8,1,40,7,1.0,0.792
8,1,40,10,1.0,0.768
8,1,40,13,1.0,1.912
8,1,40,15,1.0,1.16
8,1,40,19,1.0,0.92
8,2,10,9,0.0,2.155
8,2,10,14,0.0,1.501
8,2,10,16,0.0,2.199
8,2,10,17,0.0,2.123
8,2,10,18,0.0,1.9609999999999999
8,2,12,5,1.0,2.015
8,2,12,7,0.0,1.306
8,2,12,10,0.0,1.057
8,2,12,12,0.0,1.6569999999999998
8,2,12,13,0.0,1.857
8,2,12,18,0.0,1.379
8,2,12,20,0.0,1.955
8,2,14,8,1.0,1.238
8,2,14,9,1.0,1.771
8,2,14,13,1.0,1.764
8,2,14,15,0.0,1.829
8,2,16,6,1.0,1.001
8,2,16,7,1.0,1.294
8,2,16,8,1.0,1.425
8,2,16,9,1.0,1.2670000000000001
8,2,16,14,1.0,1.4080000000000001
8,2,16,17,0.0,1.4780000000000002
8,2,18,9,1.0,1.3530000000000002
8,2,18,10,1.0,1.3619999999999999
8,2,20,5,,
8,2,20,7,1.0,0.993
8,2,20,9,1.0,1.069
8,2,20,10,1.0,1.1440000000000001
8,2,20,13,1.0,1.081
8,2,20,14,1.0,2.562
8,2,20,19,,
8,2,22,6,1.0,0.745
8,2,22,13,1.0,1.033
8,2,22,15,0.0,1.425
8,2,22,17,1.0,2.239
8,2,22,18,,
8,2,22,19,1.0,1.63
8,2,24,5,1.0,0.722
8,2,24,8,1.0,1.08
8,2,24,11,1.0,1.301
8,2,24,15,1.0,1.653
8,2,24,16,0.0,1.0659999999999998
8,2,24,17,,
8,2,24,20,0.0,1.39
8,2,26,6,1.0,0.802
8,2,26,8,1.0,0.8859999999999999
8,2,26,12,1.0,1.837
8,2,26,19,0.0,1.686
8,2,26,20,0.0,2.296
8,2,28,6,1.0,1.12
8,2,28,8,1.0,0.753
8,2,28,10,1.0,1.041
8,2,28,11,1.0,0.973
8,2,28,14,1.0,1.265
8,2,28,15,1.0,2.887
8,2,28,16,1.0,1.433
8,2,30,5,1.0,0.7859999999999999
8,2,30,9,1.0,0.938
8,2,30,12,1.0,1.7180000000000002
8,2,30,15,1.0,1.1159999999999999
8,2,30,17,1.0,1.318
8,2,30,18,1.0,1.462
8,2,32,7,1.0,0.99
8,2,32,15,1.0,1.3530000000000002
8,2,32,18,1.0,1.496
8,2,34,6,1.0,1.338
8,2,34,12,1.0,1.0090000000000001
8,2,34,18,,
8,2,36,7,1.0,0.741
8,2,36,9,1.0,0.909
8,2,36,13,1.0,1.66
8,2,36,14,1.0,1.163
8,2,36,15,1.0,1.306
8,2,36,16,1.0,1.465
8,2,36,18,1.0,1.58
8,2,36,20,1.0,1.7409999999999999
8,2,38,8,1.0,0.892
8,2,38,9,1.0,0.868
8,2,38,18,1.0,1.3780000000000001
8,2,38,20,1.0,1.449
8,2,40,6,1.0,0.848
8,2,40,8,1.0,1.081
8,2,40,9,1.0,0.83
8,2,40,11,1.0,0.649
8,2,40,16,1.0,1.8969999999999998
8,3,10,5,1.0,1.851
8,3,10,8,0.0,1.5290000000000001
8,3,10,10,0.0,1.0759999999999998
8,3,10,13,0.0,1.431
8,3,10,19,0.0,0.7929999999999999
8,3,10,20,0.0,1.0659999999999998
8,3,12,8,0.0,1.077
8,3,12,9,0.0,1.157
8,3,12,11,0.0,1.1440000000000001
8,3,12,16,0.0,1.321
8,3,12,19,0.0,1.0490000000000002
8,3,14,5,1.0,1.581
8,3,14,7,1.0,0.8390000000000001
8,3,14,10,0.0,1.5330000000000001
8,3,14,11,0.0,1.2409999999999999
8,3,14,16,0.0,0.782
8,3,14,18,0.0,0.804
8,3,14,19,0.0,0.934
8,3,16,11,0.0,1.175
8,3,16,15,0.0,1.278
8,3,16,16,0.0,1.125
8,3,16,19,0.0,0.9490000000000001
8,3,18,6,1.0,1.0390000000000001
8,3,18,11,1.0,1.901
8,3,18,13,0.0,0.7929999999999999
8,3,18,15,0.0,1.517
8,3,18,16,0.0,1.187
8,3,18,18,0.0,0.973
8,3,18,19,0.0,1.3940000000000001
8,3,20,8,1.0,1.536
8,3,20,11,1.0,1.374
8,3,20,17,0.0,1.345
8,3,20,20,0.0,1.04
8,3,22,5,1.0,0.838
8,3,22,8,1.0,1.189
8,3,22,10,1.0,1.4069999999999998
8,3,22,11,1.0,1.033
8,3,22,12,1.0,1.3230000000000002
8,3,22,14,1.0,1.2229999999999999
8,3,22,16,1.0,1.198
8,3,24,6,1.0,1.135
8,3,24,10,1.0,1.133
8,3,24,19,0.0,1.081
8,3,26,7,1.0,0.72
8,3,26,10,1.0,1.113
8,3,26,11,1.0,1.1320000000000001
8,3,26,14,0.0,0.9329999999999999
8,3,26,15,1.0,1.0979999999999999
8,3,26,17,1.0,1.499
8,3,28,5,1.0,0.98
8,3,28,9,1.0,1.725
8,3,28,17,1.0,1.229
8,3,28,18,1.0,1.083
8,3,28,20,1.0,0.988
8,3,30,7,1.0,0.789
8,3,30,8,1.0,0.742
8,3,30,10,1.0,1.0290000000000001
8,3,30,11,1.0,1.425
8,3,30,14,1.0,0.857
8,3,30,20,1.0,1.535
8,3,32,8,1.0,0.9790000000000001
8,3,32,12,1.0,1.242
8,3,32,13,1.0,1.459
8,3,32,14,1.0,1.455
8,3,34,5,1.0,0.7290000000000001
8,3,34,7,1.0,0.9670000000000001
8,3,34,8,1.0,0.7979999999999999
8,3,34,11,1.0,1.21
8,3,34,14,1.0,1.07
8,3,34,15,1.0,0.873
8,3,36,5,1.0,1.081
8,3,36,10,1.0,0.8240000000000001
8,3,36,11,1.0,1.121
8,3,38,6,1.0,0.7879999999999999
8,3,38,11,1.0,1.4709999999999999
8,3,38,13,1.0,1.4569999999999999
8,3,38,15,1.0,1.284
8,3,38,16,1.0,1.0290000000000001
8,3,38,17,1.0,1.273
8,3,38,19,1.0,1.249
8,3,40,12,1.0,1.263
8,3,40,14,1.0,1.745
8,3,40,17,1.0,1.413
8,3,40,18,1.0,1.4469999999999998
8,3,40,20,1.0,0.8590000000000001
9,1,10,6,0.0,1.1320000000000001
9,1,10,7,0.0,1.531
9,1,10,11,0.0,1.016
9,1,10,12,0.0,0.97
9,1,10,15,0.0,1.0659999999999998
9,1,12,6,1.0,1.962
9,1,12,14,0.0,0.847
9,1,12,15,0.0,0.9229999999999999
9,1,12,17,0.0,1.026
9,1,14,6,0.0,1.8730000000000002
9,1,14,12,0.0,1.37
9,1,14,14,0.0,0.9640000000000001
9,1,14,17,0.0,1.089
9,1,14,20,0.0,1.297
9,1,16,5,1.0,1.375
9,1,16,10,0.0,1.656
9,1,16,12,0.0,1.936
9,1,16,13,0.0,1.166
9,1,16,18,0.0,1.411
9,1,16,20,0.0,1.161
9,1,18,5,1.0,2.504
9,1,18,7,0.0,1.213
9,1,18,8,1.0,1.7180000000000002
9,1,18,12,0.0,1.126
9,1,18,14,0.0,1.113
9,1,18,17,0.0,1.034
9,1,18,20,0.0,1.399
9,1,20,6,1.0,1.8019999999999998
9,1,20,12,0.0,0.9470000000000001
9,1,20,15,0.0,1.733
9,1,20,16,0.0,1.4
9,1,20,18,0.0,1.001
9,1,22,7,1.0,2.032
9,1,22,9,0.0,1.185
9,1,22,20,0.0,1.1440000000000001
9,1,24,7,0.0,1.255
9,1,24,9,0.0,1.874
9,1,24,12,0.0,1.166
9,1,24,13,0.0,1.137
9,1,24,14,0.0,1.155
9,1,24,18,0.0,1.203
9,1,26,5,1.0,2.131
9,1,26,9,0.0,1.2109999999999999
9,1,26,13,0.0,2.032
9,1,26,16,0.0,1.25
9,1,26,18,0.0,1.208
9,1,28,7,1.0,0.943
9,1,28,12,0.0,1.545
9,1,28,13,0.0,1.2429999999999999
9,1,28,19,0.0,1.4
9,1,30,6,1.0,1.048
9,1,30,13,0.0,2.545
9,1,30,16,0.0,1.47
9,1,30,19,0.0,1.304
9,1,32,5,1.0,1.032
9,1,32,6,1.0,1.28
9,1,32,9,1.0,1.172
9,1,32,10,1.0,1.525
9,1,32,11,0.0,1.15
9,1,32,16,0.0,1.876
9,1,32,17,0.0,1.689
9,1,32,19,0.0,1.419
9,1,32,20,0.0,1.609
9,1,34,9,1.0,1.216
9,1,34,10,1.0,1.636
9,1,34,13,0.0,0.797
9,1,34,16,0.0,1.76
9,1,34,17,0.0,0.802
9,1,34,19,0.0,1.063
9,1,34,20,0.0,1.085
9,1,36,6,1.0,1.2990000000000002
9,1,36,8,1.0,1.871
9,1,36,12,0.0,0.866
9,1,36,17,0.0,1.3969999999999998
9,1,36,19,0.0,0.9990000000000001
9,1,38,5,1.0,0.919
9,1,38,7,1.0,1.297
9,1,38,10,1.0,1.094
9,1,38,12,0.0,1.317
9,1,38,14,0.0,1.844
9,1,40,5,1.0,1.3130000000000002
9,1,40,7,1.0,1.1540000000000001
9,1,40,10,1.0,1.139
9,1,40,13,1.0,1.276
9,1,40,15,1.0,1.6669999999999998
9,1,40,19,0.0,1.386
9,2,10,9,0.0,1.1079999999999999
9,2,10,14,0.0,1.135
9,2,10,16,0.0,1.218
9,2,10,17,0.0,1.113
9,2,10,18,0.0,0.9329999999999999
9,2,12,5,0.0,1.57
9,2,12,7,0.0,1.631
9,2,12,10,0.0,0.885
9,2,12,12,0.0,0.94
9,2,12,13,0.0,1.006
9,2,12,18,0.0,1.9040000000000001
9,2,12,20,0.0,1.287
9,2,14,8,0.0,1.122
9,2,14,9,0.0,1.403
9,2,14,13,0.0,1.035
9,2,14,15,0.0,0.951
9,2,16,6,0.0,1.662
9,2,16,7,1.0,1.239
9,2,16,8,1.0,1.255
9,2,16,9,0.0,1.166
9,2,16,14,0.0,0.972
9,2,16,17,0.0,1.61
9,2,18,9,0.0,1.012
9,2,18,10,0.0,1.024
9,2,20,5,1.0,1.3980000000000001
9,2,20,7,1.0,1.285
9,2,20,9,1.0,1.6219999999999999
9,2,20,10,0.0,1.105
9,2,20,13,0.0,1.459
9,2,20,14,0.0,1.0390000000000001
9,2,20,19,0.0,1.44
9,2,22,6,0.0,1.736
9,2,22,13,0.0,1.4609999999999999
9,2,22,15,0.0,1.331
9,2,22,17,0.0,1.415
9,2,22,18,0.0,1.062
9,2,22,19,0.0,1.6569999999999998
9,2,24,5,1.0,1.301
9,2,24,8,1.0,1.4169999999999998
9,2,24,11,0.0,0.828
9,2,24,15,0.0,1.0070000000000001
9,2,24,16,0.0,1.4480000000000002
9,2,24,17,0.0,1.005
9,2,24,20,0.0,0.863
9,2,26,6,1.0,2.106
9,2,26,8,0.0,1.266
9,2,26,12,0.0,1.0859999999999999
9,2,26,19,0.0,1.318
9,2,26,20,0.0,1.044
9,2,28,6,1.0,1.589
9,2,28,8,1.0,1.43
9,2,28,10,0.0,1.037
9,2,28,11,0.0,0.763
9,2,28,14,0.0,1.1909999999999998
9,2,28,15,0.0,0.9159999999999999
9,2,28,16,0.0,1.645
9,2,30,5,1.0,1.216
9,2,30,9,1.0,1.143
9,2,30,12,0.0,1.305
9,2,30,15,0.0,0.98
9,2,30,17,0.0,1.517
9,2,30,18,0.0,1.444
9,2,32,7,1.0,1.5590000000000002
9,2,32,15,0.0,1.486
9,2,32,18,0.0,0.909
9,2,34,6,0.0,1.349
9,2,34,12,0.0,1.013
9,2,34,18,0.0,1.114
9,2,36,7,1.0,1.3519999999999999
9,2,36,9,1.0,1.705
9,2,36,13,0.0,1.218
9,2,36,14,0.0,1.139
9,2,36,15,1.0,2.0780000000000003
9,2,36,16,0.0,1.5819999999999999
9,2,36,18,0.0,2.224
9,2,36,20,0.0,1.806
9,2,38,8,1.0,1.276
9,2,38,9,1.0,1.8630000000000002
9,2,38,18,0.0,1.4180000000000001
9,2,38,20,0.0,1.325
9,2,40,6,1.0,1.475
9,2,40,8,1.0,1.4040000000000001
9,2,40,9,1.0,1.197
9,2,40,11,1.0,1.5819999999999999
9,2,40,16,0.0,1.7269999999999999
9,3,10,5,0.0,0.9740000000000001
9,3,10,8,0.0,1.112
9,3,10,10,0.0,2.655
9,3,10,13,0.0,1.339
9,3,10,19,0.0,1.6380000000000001
9,3,10,20,0.0,1.719
9,3,12,8,0.0,1.6269999999999998
9,3,12,9,0.0,1.217
9,3,12,11,0.0,1.149
9,3,12,16,0.0,2.076
9,3,12,19,0.0,0.9470000000000001
9,3,14,5,0.0,2.049
9,3,14,7,1.0,2.661
9,3,14,10,0.0,2.135
9,3,14,11,0.0,0.9129999999999999
9,3,14,16,0.0,1.749
9,3,14,18,0.0,1.111
9,3,14,19,0.0,1.5
9,3,16,11,0.0,2.5180000000000002
9,3,16,15,0.0,1.24
9,3,16,16,0.0,1.1320000000000001
9,3,16,19,0.0,2.048
9,3,18,6,,
9,3,18,11,0.0,1.156
9,3,18,13,0.0,1.611
9,3,18,15,0.0,1.247
9,3,18,16,0.0,1.6219999999999999
9,3,18,18,0.0,2.577
9,3,18,19,0.0,1.81
9,3,20,8,1.0,1.7369999999999999
9,3,20,11,0.0,1.617
9,3,20,17,0.0,2.218
9,3,20,20,0.0,1.1179999999999999
9,3,22,5,1.0,2.501
9,3,22,8,0.0,1.8259999999999998
9,3,22,10,1.0,1.641
9,3,22,11,0.0,2.169
9,3,22,12,0.0,1.489
9,3,22,14,0.0,2.0580000000000003
9,3,22,16,0.0,1.8430000000000002
9,3,24,6,1.0,1.455
9,3,24,10,1.0,1.89
9,3,24,19,0.0,1.635
9,3,26,7,1.0,1.696
9,3,26,10,0.0,1.6380000000000001
9,3,26,11,0.0,2.376
9,3,26,14,0.0,1.8030000000000002
9,3,26,15,0.0,2.023
9,3,26,17,1.0,1.4469999999999998
9,3,28,5,1.0,1.568
9,3,28,9,1.0,1.751
9,3,28,17,,
9,3,28,18,1.0,2.8689999999999998
9,3,28,20,0.0,1.4769999999999999
9,3,30,7,1.0,2.051
9,3,30,8,1.0,1.444
9,3,30,10,1.0,2.169
9,3,30,11,1.0,1.4680000000000002
9,3,30,14,1.0,1.869
9,3,30,20,0.0,2.049
9,3,32,8,1.0,1.9769999999999999
9,3,32,12,0.0,1.901
9,3,32,13,0.0,1.835
9,3,32,14,0.0,1.851
9,3,34,5,1.0,2.206
9,3,34,7,1.0,2.0780000000000003
9,3,34,8,1.0,1.291
9,3,34,11,1.0,2.0180000000000002
9,3,34,14,1.0,1.3419999999999999
9,3,34,15,1.0,2.08
9,3,36,5,1.0,1.5730000000000002
9,3,36,10,1.0,1.2229999999999999
9,3,36,11,0.0,2.313
9,3,38,6,1.0,1.899
9,3,38,11,1.0,1.9280000000000002
9,3,38,13,1.0,1.6640000000000001
9,3,38,15,0.0,2.1519999999999997
9,3,38,16,1.0,0.001
9,3,38,17,1.0,2.301
9,3,38,19,1.0,1.906
9,3,40,12,1.0,2.113
9,3,40,14,1.0,1.58
9,3,40,17,1.0,2.395
9,3,40,18,1.0,1.4880000000000002
9,3,40,20,,
10,1,10,6,1.0,1.746
10,1,10,7,0.0,1.9580000000000002
10,1,10,11,0.0,1.8430000000000002
10,1,10,12,0.0,1.61
10,1,10,15,0.0,2.653
10,1,12,6,1.0,2.7230000000000003
10,1,12,14,0.0,2.057
10,1,12,15,0.0,1.626
10,1,12,17,0.0,2.54
10,1,14,6,1.0,2.485
10,1,14,12,0.0,2.287
10,1,14,14,0.0,1.973
10,1,14,17,0.0,2.762
10,1,14,20,0.0,2.4619999999999997
10,1,16,5,1.0,1.341
10,1,16,10,1.0,1.358
10,1,16,12,1.0,1.6980000000000002
10,1,16,13,0.0,2.472
10,1,16,18,0.0,1.8880000000000001
10,1,16,20,0.0,1.9980000000000002
10,1,18,5,1.0,1.7919999999999998
10,1,18,7,1.0,1.33
10,1,18,8,1.0,2.2030000000000003
10,1,18,12,1.0,2.926
10,1,18,14,1.0,2.103
10,1,18,17,0.0,2.697
10,1,18,20,0.0,2.569
10,1,20,6,1.0,1.47
10,1,20,12,1.0,1.7009999999999998
10,1,20,15,,
10,1,20,16,1.0,1.8780000000000001
10,1,20,18,,
10,1,22,7,1.0,1.6780000000000002
10,1,22,9,1.0,1.94
10,1,22,20,0.0,1.777
10,1,24,7,1.0,1.411
10,1,24,9,1.0,2.0340000000000003
10,1,24,12,1.0,2.289
10,1,24,13,1.0,1.4040000000000001
10,1,24,14,1.0,2.218
10,1,24,18,,
10,1,26,5,1.0,1.137
10,1,26,9,1.0,1.4340000000000002
10,1,26,13,1.0,2.478
10,1,26,16,1.0,1.945
10,1,26,18,1.0,1.785
10,1,28,7,1.0,1.36
10,1,28,12,1.0,1.7819999999999998
10,1,28,13,1.0,1.5859999999999999
10,1,28,19,1.0,2.318
10,1,30,6,1.0,1.2890000000000001
10,1,30,13,1.0,1.577
10,1,30,16,1.0,1.4669999999999999
10,1,30,19,1.0,1.857
10,1,32,5,1.0,1.2109999999999999
10,1,32,6,1.0,1.218
10,1,32,9,1.0,1.456
10,1,32,10,1.0,2.362
10,1,32,11,1.0,2.603
10,1,32,16,1.0,1.7919999999999998
10,1,32,17,1.0,2.32
10,1,32,19,1.0,2.1430000000000002
10,1,32,20,1.0,1.848
10,1,34,9,1.0,1.46
10,1,34,10,1.0,1.6
10,1,34,13,1.0,2.082
10,1,34,16,1.0,2.728
10,1,34,17,1.0,2.191
10,1,34,19,1.0,1.629
10,1,34,20,1.0,1.784
10,1,36,6,1.0,1.857
10,1,36,8,1.0,1.265
10,1,36,12,1.0,1.45
10,1,36,17,1.0,2.41
10,1,36,19,1.0,1.7790000000000001
10,1,38,5,1.0,1.067
10,1,38,7,1.0,1.1159999999999999
10,1,38,10,1.0,1.276
10,1,38,12,1.0,1.44
10,1,38,14,1.0,1.8630000000000002
10,1,40,5,1.0,1.5019999999999998
10,1,40,7,1.0,1.124
10,1,40,10,1.0,1.265
10,1,40,13,1.0,1.3219999999999998
10,1,40,15,1.0,1.681
10,1,40,19,1.0,1.6840000000000002
10,2,10,9,0.0,1.655
10,2,10,14,0.0,2.029
10,2,10,16,0.0,1.624
10,2,10,17,0.0,2.416
10,2,10,18,0.0,1.776
10,2,12,5,1.0,1.6380000000000001
10,2,12,7,1.0,1.4969999999999999
10,2,12,10,0.0,1.881
10,2,12,12,0.0,1.538
10,2,12,13,0.0,1.275
10,2,12,18,0.0,1.755
10,2,12,20,0.0,1.6019999999999999
10,2,14,8,1.0,1.899
10,2,14,9,1.0,2.205
10,2,14,13,0.0,1.9480000000000002
10,2,14,15,0.0,1.821
10,2,16,6,1.0,1.4369999999999998
10,2,16,7,1.0,1.2890000000000001
10,2,16,8,1.0,1.755
10,2,16,9,1.0,2.9
10,2,16,14,0.0,2.529
10,2,16,17,0.0,1.611
10,2,18,9,1.0,2.08
10,2,18,10,1.0,1.474
10,2,20,5,1.0,1.306
10,2,20,7,1.0,1.6369999999999998
10,2,20,9,1.0,1.686
10,2,20,10,1.0,1.621
10,2,20,13,1.0,1.969
10,2,20,14,1.0,1.992
10,2,20,19,0.0,1.7469999999999999
10,2,22,6,1.0,1.409
10,2,22,13,1.0,1.636
10,2,22,15,1.0,1.541
10,2,22,17,1.0,2.336
10,2,22,18,0.0,2.199
10,2,22,19,0.0,2.559
10,2,24,5,1.0,1.3969999999999998
10,2,24,8,1.0,1.32
10,2,24,11,1.0,1.9240000000000002
10,2,24,15,1.0,2.693
10,2,24,16,1.0,1.609
10,2,24,17,1.0,1.287
10,2,24,20,0.0,1.685
10,2,26,6,1.0,1.307
10,2,26,8,1.0,2.062
10,2,26,12,1.0,1.635
10,2,26,19,1.0,1.791
10,2,26,20,1.0,1.848
10,2,28,6,1.0,1.37
10,2,28,8,1.0,1.415
10,2,28,10,1.0,1.61
10,2,28,11,1.0,2.8360000000000003
10,2,28,14,1.0,2.717
10,2,28,15,1.0,1.926
10,2,28,16,1.0,1.2790000000000001
10,2,30,5,1.0,1.6269999999999998
10,2,30,9,1.0,2.494
10,2,30,12,1.0,1.524
10,2,30,15,1.0,1.83
10,2,30,17,1.0,1.605
10,2,30,18,1.0,1.5290000000000001
10,2,32,7,1.0,1.244
10,2,32,15,1.0,1.49
10,2,32,18,1.0,1.5919999999999999
10,2,34,6,1.0,1.3530000000000002
10,2,34,12,1.0,1.679
10,2,34,18,1.0,1.268
10,2,36,7,1.0,1.7380000000000002
10,2,36,9,1.0,1.4369999999999998
10,2,36,13,1.0,1.604
10,2,36,14,1.0,2.8760000000000003
10,2,36,15,1.0,1.9569999999999999
10,2,36,16,1.0,1.84
10,2,36,18,1.0,2.437
10,2,36,20,1.0,1.7169999999999999
10,2,38,8,1.0,1.2930000000000001
10,2,38,9,1.0,1.577
10,2,38,18,1.0,1.828
10,2,38,20,1.0,2.516
10,2,40,6,1.0,1.75
10,2,40,8,1.0,1.1440000000000001
10,2,40,9,1.0,1.2209999999999999
10,2,40,11,1.0,1.088
10,2,40,16,1.0,2.2
10,3,10,5,1.0,2.166
10,3,10,8,0.0,2.787
10,3,10,10,0.0,2.1180000000000003
10,3,10,13,0.0,1.474
10,3,10,19,1.0,1.735
10,3,10,20,0.0,1.598
10,3,12,8,1.0,2.009
10,3,12,9,0.0,2.176
10,3,12,11,0.0,1.797
10,3,12,16,0.0,2.175
10,3,12,19,0.0,2.986
10,3,14,5,1.0,1.729
10,3,14,7,1.0,1.5659999999999998
10,3,14,10,1.0,1.527
10,3,14,11,0.0,2.1790000000000003
10,3,14,16,0.0,1.913
10,3,14,18,0.0,2.696
10,3,14,19,0.0,2.023
10,3,16,11,1.0,1.3630000000000002
10,3,16,15,0.0,2.119
10,3,16,16,0.0,1.689
10,3,16,19,0.0,2.367
10,3,18,6,1.0,2.02
10,3,18,11,1.0,1.567
10,3,18,13,1.0,1.6130000000000002
10,3,18,15,0.0,2.408
10,3,18,16,0.0,1.93
10,3,18,18,0.0,1.87
10,3,18,19,0.0,1.883
10,3,20,8,1.0,1.324
10,3,20,11,1.0,1.508
10,3,20,17,0.0,1.641
10,3,20,20,0.0,1.653
10,3,22,5,1.0,1.9680000000000002
10,3,22,8,1.0,1.4240000000000002
10,3,22,10,1.0,1.635
10,3,22,11,1.0,2.149
10,3,22,12,1.0,2.162
10,3,22,14,1.0,1.516
10,3,22,16,1.0,2.752
10,3,24,6,1.0,1.287
10,3,24,10,1.0,1.7830000000000001
10,3,24,19,1.0,2.6039999999999996
10,3,26,7,1.0,1.138
10,3,26,10,1.0,1.786
10,3,26,11,1.0,2.2640000000000002
10,3,26,14,1.0,2.009
10,3,26,15,1.0,2.302
10,3,26,17,1.0,1.984
10,3,28,5,1.0,0.993
10,3,28,9,1.0,1.87
10,3,28,17,1.0,2.019
10,3,28,18,1.0,1.4609999999999999
10,3,28,20,1.0,1.585
10,3,30,7,1.0,1.536
10,3,30,8,1.0,1.296
10,3,30,10,1.0,1.4869999999999999
10,3,30,11,1.0,1.445
10,3,30,14,1.0,1.617
10,3,30,20,1.0,1.395
10,3,32,8,1.0,1.446
10,3,32,12,1.0,1.516
10,3,32,13,1.0,1.681
10,3,32,14,1.0,2.1719999999999997
10,3,34,5,1.0,1.141
10,3,34,7,1.0,1.3769999999999998
10,3,34,8,1.0,1.199
10,3,34,11,1.0,1.511
10,3,34,14,1.0,1.8940000000000001
10,3,34,15,1.0,1.396
10,3,36,5,1.0,1.026
10,3,36,10,1.0,1.238
10,3,36,11,1.0,1.5090000000000001
10,3,38,6,1.0,1.8090000000000002
10,3,38,11,1.0,2.126
10,3,38,13,1.0,1.6
10,3,38,15,1.0,1.537
10,3,38,16,1.0,1.671
10,3,38,17,1.0,2.5780000000000003
10,3,38,19,1.0,2.2119999999999997
10,3,40,12,1.0,1.341
10,3,40,14,1.0,1.229
10,3,40,17,1.0,2.033
10,3,40,18,1.0,1.483
10,3,40,20,1.0,1.31
11,1,10,6,1.0,0.8390000000000001
11,1,10,7,1.0,1.706
11,1,10,11,1.0,2.1630000000000003
11,1,10,12,1.0,1.7209999999999999
11,1,10,15,0.0,2.18
11,1,12,6,1.0,2.031
11,1,12,14,0.0,2.815
11,1,12,15,0.0,2.303
11,1,12,17,0.0,2.295
11,1,14,6,1.0,0.9259999999999999
11,1,14,12,1.0,1.429
11,1,14,14,0.0,1.624
11,1,14,17,0.0,2.255
11,1,14,20,0.0,2.332
11,1,16,5,1.0,1.236
11,1,16,10,1.0,1.808
11,1,16,12,1.0,1.419
11,1,16,13,1.0,1.7180000000000002
11,1,16,18,0.0,1.9080000000000001
11,1,16,20,0.0,1.2790000000000001
11,1,18,5,1.0,0.935
11,1,18,7,1.0,1.091
11,1,18,8,1.0,0.857
11,1,18,12,1.0,1.9069999999999998
11,1,18,14,1.0,1.4240000000000002
11,1,18,17,1.0,2.25
11,1,18,20,0.0,2.0380000000000003
11,1,20,6,1.0,1.112
11,1,20,12,1.0,1.761
11,1,20,15,1.0,1.436
11,1,20,16,1.0,1.224
11,1,20,18,1.0,2.533
11,1,22,7,1.0,0.8109999999999999
11,1,22,9,1.0,0.953
11,1,22,20,1.0,2.367
11,1,24,7,1.0,1.265
11,1,24,9,1.0,1.6019999999999999
11,1,24,12,1.0,1.5019999999999998
11,1,24,13,1.0,1.903
11,1,24,14,1.0,1.7280000000000002
11,1,24,18,1.0,2.451
11,1,26,5,1.0,1.381
11,1,26,9,1.0,1.131
11,1,26,13,1.0,1.1
11,1,26,16,1.0,1.8869999999999998
11,1,26,18,1.0,2.5269999999999997
11,1,28,7,1.0,0.941
11,1,28,12,1.0,1.028
11,1,28,13,1.0,1.092
11,1,28,19,1.0,2.1
11,1,30,6,1.0,1.4069999999999998
11,1,30,13,1.0,1.3319999999999999
11,1,30,16,1.0,1.3359999999999999
11,1,30,19,1.0,2.363
11,1,32,5,1.0,0.9059999999999999
11,1,32,6,1.0,1.0659999999999998
11,1,32,9,1.0,0.805
11,1,32,10,1.0,1.213
11,1,32,11,1.0,1.088
11,1,32,16,1.0,0.945
11,1,32,17,1.0,1.39
11,1,32,19,1.0,1.429
11,1,32,20,1.0,1.4680000000000002
11,1,34,9,1.0,0.802
11,1,34,10,1.0,1.038
11,1,34,13,1.0,1.24
11,1,34,16,1.0,1.158
11,1,34,17,1.0,1.381
11,1,34,19,1.0,2.127
11,1,34,20,1.0,1.422
11,1,36,6,1.0,0.794
11,1,36,8,1.0,0.8220000000000001
11,1,36,12,1.0,2.016
11,1,36,17,1.0,1.632
11,1,36,19,1.0,1.881
11,1,38,5,1.0,1.082
11,1,38,7,1.0,1.074
11,1,38,10,1.0,1.073
11,1,38,12,1.0,0.846
11,1,38,14,1.0,1.23
11,1,40,5,1.0,0.879
11,1,40,7,1.0,0.757
11,1,40,10,1.0,0.89
11,1,40,13,1.0,0.769
11,1,40,15,1.0,1.432
11,1,40,19,1.0,1.992
11,2,10,9,1.0,1.6130000000000002
11,2,10,14,0.0,1.137
11,2,10,16,0.0,1.94
11,2,10,17,0.0,1.048
11,2,10,18,0.0,1.331
11,2,12,5,1.0,1.3019999999999998
11,2,12,7,1.0,2.4330000000000003
11,2,12,10,1.0,2.31
11,2,12,12,0.0,1.3019999999999998
11,2,12,13,0.0,1.463
11,2,12,18,0.0,1.7990000000000002
11,2,12,20,0.0,1.883
11,2,14,8,1.0,2.434
11,2,14,9,1.0,1.361
11,2,14,13,1.0,1.847
11,2,14,15,0.0,1.993
11,2,16,6,1.0,1.1520000000000001
11,2,16,7,1.0,1.659
11,2,16,8,1.0,1.431
11,2,16,9,1.0,1.506
11,2,16,14,1.0,1.462
11,2,16,17,0.0,1.385
11,2,18,9,1.0,1.5330000000000001
11,2,18,10,1.0,1.736
11,2,20,5,1.0,0.991
11,2,20,7,1.0,0.737
11,2,20,9,1.0,0.963
11,2,20,10,1.0,1.057
11,2,20,13,1.0,1.8619999999999999
11,2,20,14,1.0,1.7369999999999999
11,2,20,19,1.0,1.6159999999999999
11,2,22,6,1.0,0.7979999999999999
11,2,22,13,1.0,1.278
11,2,22,15,1.0,1.9140000000000001
11,2,22,17,1.0,1.4040000000000001
11,2,22,18,1.0,2.011
11,2,22,19,1.0,2.059
11,2,24,5,1.0,1.155
11,2,24,8,1.0,1.1420000000000001
11,2,24,11,1.0,1.7369999999999999
11,2,24,15,1.0,1.73
11,2,24,16,1.0,2.182
11,2,24,17,1.0,2.7569999999999997
11,2,24,20,1.0,1.459
11,2,26,6,1.0,2.69
11,2,26,8,1.0,1.2830000000000001
11,2,26,12,1.0,1.5930000000000002
11,2,26,19,1.0,1.764
11,2,26,20,1.0,1.381
11,2,28,6,1.0,0.826
11,2,28,8,1.0,1.198
11,2,28,10,1.0,1.43
11,2,28,11,1.0,1.5630000000000002
11,2,28,14,1.0,1.442
11,2,28,15,1.0,1.35
11,2,28,16,1.0,1.35
11,2,30,5,1.0,1.847
11,2,30,9,1.0,1.439
11,2,30,12,1.0,1.307
11,2,30,15,1.0,1.578
11,2,30,17,1.0,1.811
11,2,30,18,1.0,1.743
11,2,32,7,1.0,1.5630000000000002
11,2,32,15,1.0,1.287
11,2,32,18,1.0,1.722
11,2,34,6,1.0,1.4069999999999998
11,2,34,12,1.0,1.158
11,2,34,18,1.0,2.001
11,2,36,7,1.0,0.963
11,2,36,9,1.0,1.37
11,2,36,13,1.0,1.002
11,2,36,14,1.0,1.013
11,2,36,15,1.0,1.215
11,2,36,16,1.0,1.6540000000000001
11,2,36,18,1.0,1.0659999999999998
11,2,36,20,1.0,1.666
11,2,38,8,1.0,0.914
11,2,38,9,1.0,1.202
11,2,38,18,1.0,1.716
11,2,38,20,1.0,1.47
11,2,40,6,1.0,0.8290000000000001
11,2,40,8,1.0,1.053
11,2,40,9,1.0,0.8140000000000001
11,2,40,11,1.0,0.743
11,2,40,16,1.0,1.3019999999999998
11,3,10,5,1.0,1.758
11,3,10,8,1.0,1.895
11,3,10,10,0.0,2.033
11,3,10,13,0.0,1.5519999999999998
11,3,10,19,0.0,1.876
11,3,10,20,0.0,1.508
11,3,12,8,1.0,2.2319999999999998
11,3,12,9,1.0,1.8619999999999999
11,3,12,11,0.0,2.156
11,3,12,16,0.0,1.992
11,3,12,19,0.0,1.357
11,3,14,5,1.0,1.199
11,3,14,7,1.0,2.633
11,3,14,10,1.0,1.784
11,3,14,11,1.0,1.7830000000000001
11,3,14,16,0.0,1.7530000000000001
11,3,14,18,0.0,1.695
11,3,14,19,0.0,1.633
11,3,16,11,1.0,1.67
11,3,16,15,1.0,2.35
11,3,16,16,0.0,2.009
11,3,16,19,0.0,2.199
11,3,18,6,1.0,1.442
11,3,18,11,1.0,1.7380000000000002
11,3,18,13,1.0,1.675
11,3,18,15,1.0,2.0069999999999997
11,3,18,16,0.0,2.032
11,3,18,18,0.0,1.5519999999999998
11,3,18,19,0.0,2.8360000000000003
11,3,20,8,1.0,1.082
11,3,20,11,1.0,1.624
11,3,20,17,1.0,1.5919999999999999
11,3,20,20,0.0,1.595
11,3,22,5,1.0,1.0090000000000001
11,3,22,8,1.0,1.5
11,3,22,10,1.0,1.341
11,3,22,11,1.0,1.444
11,3,22,12,1.0,1.151
11,3,22,14,1.0,2.211
11,3,22,16,1.0,2.3280000000000003
11,3,24,6,1.0,1.143
11,3,24,10,1.0,1.551
11,3,24,19,1.0,1.605
11,3,26,7,1.0,1.187
11,3,26,10,1.0,2.083
11,3,26,11,1.0,1.3769999999999998
11,3,26,14,1.0,2.549
11,3,26,15,1.0,1.4709999999999999
11,3,26,17,1.0,1.821
11,3,28,5,1.0,1.591
11,3,28,9,1.0,1.504
11,3,28,17,,
11,3,28,18,1.0,1.751
11,3,28,20,1.0,1.4909999999999999
11,3,30,7,1.0,0.8959999999999999
11,3,30,8,1.0,1.345
11,3,30,10,1.0,1.347
11,3,30,11,1.0,1.036
11,3,30,14,1.0,0.988
11,3,30,20,1.0,1.68
11,3,32,8,1.0,1.804
11,3,32,12,1.0,1.037
11,3,32,13,,
11,3,32,14,1.0,1.315
11,3,34,5,1.0,0.9690000000000001
11,3,34,7,1.0,1.5759999999999998
11,3,34,8,1.0,1.224
11,3,34,11,1.0,1.208
11,3,34,14,1.0,1.264
11,3,34,15,1.0,1.197
11,3,36,5,1.0,1.022
11,3,36,10,1.0,1.1179999999999999
11,3,36,11,1.0,0.971
11,3,38,6,1.0,0.9540000000000001
11,3,38,11,1.0,1.375
11,3,38,13,1.0,1.068
11,3,38,15,1.0,1.217
11,3,38,16,1.0,1.215
11,3,38,17,1.0,1.5519999999999998
11,3,38,19,1.0,1.706
11,3,40,12,1.0,1.138
11,3,40,14,1.0,1.22
11,3,40,17,1.0,0.888
11,3,40,18,1.0,1.402
11,3,40,20,1.0,1.17
12,1,10,6,0.0,2.785
12,1,10,7,0.0,2.2159999999999997
12,1,10,11,0.0,1.444
12,1,10,12,0.0,1.2109999999999999
12,1,10,15,0.0,1.371
12,1,12,6,0.0,2.064
12,1,12,14,0.0,1.9240000000000002
12,1,12,15,0.0,1.495
12,1,12,17,0.0,1.524
12,1,14,6,1.0,2.679
12,1,14,12,0.0,1.181
12,1,14,14,0.0,1.0979999999999999
12,1,14,17,0.0,1.3980000000000001
12,1,14,20,0.0,1.172
12,1,16,5,1.0,2.428
12,1,16,10,1.0,1.276
12,1,16,12,0.0,2.119
12,1,16,13,0.0,1.8769999999999998
12,1,16,18,0.0,1.115
12,1,16,20,0.0,1.706
12,1,18,5,1.0,1.329
12,1,18,7,1.0,1.936
12,1,18,8,1.0,1.899
12,1,18,12,0.0,1.371
12,1,18,14,0.0,2.845
12,1,18,17,0.0,1.641
12,1,18,20,0.0,1.49
12,1,20,6,1.0,1.4280000000000002
12,1,20,12,1.0,1.953
12,1,20,15,0.0,1.501
12,1,20,16,0.0,2.059
12,1,20,18,0.0,1.996
12,1,22,7,1.0,1.5219999999999998
12,1,22,9,1.0,1.931
12,1,22,20,0.0,1.4280000000000002
12,1,24,7,1.0,0.9129999999999999
12,1,24,9,1.0,2.5839999999999996
12,1,24,12,1.0,2.315
12,1,24,13,1.0,2.6439999999999997
12,1,24,14,1.0,2.615
12,1,24,18,0.0,2.059
12,1,26,5,1.0,0.9259999999999999
12,1,26,9,1.0,2.185
12,1,26,13,1.0,1.286
12,1,26,16,0.0,1.719
12,1,26,18,1.0,3.7460000000000004
12,1,28,7,1.0,0.905
12,1,28,12,1.0,1.936
12,1,28,13,1.0,1.494
12,1,28,19,0.0,1.526
12,1,30,6,1.0,1.882
12,1,30,13,1.0,1.3719999999999999
12,1,30,16,1.0,1.204
12,1,30,19,1.0,2.039
12,1,32,5,1.0,0.9390000000000001
12,1,32,6,1.0,1.954
12,1,32,9,1.0,1.758
12,1,32,10,1.0,1.494
12,1,32,11,1.0,1.926
12,1,32,16,0.0,1.7009999999999998
12,1,32,17,1.0,1.27
12,1,32,19,0.0,2.0540000000000003
12,1,32,20,0.0,1.2409999999999999
12,1,34,9,1.0,0.9229999999999999
12,1,34,10,1.0,1.669
12,1,34,13,1.0,1.6909999999999998
12,1,34,16,1.0,2.5269999999999997
12,1,34,17,1.0,2.086
12,1,34,19,0.0,1.9809999999999999
12,1,34,20,0.0,1.8530000000000002
12,1,36,6,1.0,0.941
12,1,36,8,1.0,0.8690000000000001
12,1,36,12,1.0,2.668
12,1,36,17,1.0,1.307
12,1,36,19,0.0,1.797
12,1,38,5,1.0,1.777
12,1,38,7,1.0,0.948
12,1,38,10,1.0,2.5580000000000003
12,1,38,12,1.0,2.093
12,1,38,14,1.0,1.5730000000000002
12,1,40,5,1.0,0.8759999999999999
12,1,40,7,1.0,1.351
12,1,40,10,1.0,0.91
12,1,40,13,1.0,2.342
12,1,40,15,,
12,1,40,19,0.0,2.411
12,2,10,9,0.0,1.161
12,2,10,14,0.0,1.635
12,2,10,16,,
12,2,10,17,0.0,1.15
12,2,10,18,0.0,2.144
12,2,12,5,1.0,1.2670000000000001
12,2,12,7,1.0,1.6119999999999999
12,2,12,10,0.0,2.7569999999999997
12,2,12,12,0.0,1.193
12,2,12,13,0.0,2.074
12,2,12,18,0.0,1.29
12,2,12,20,,
12,2,14,8,1.0,1.483
12,2,14,9,0.0,2.2159999999999997
12,2,14,13,1.0,1.7480000000000002
12,2,14,15,0.0,1.337
12,2,16,6,1.0,1.735
12,2,16,7,1.0,1.296
12,2,16,8,1.0,1.796
12,2,16,9,1.0,1.34
12,2,16,14,0.0,1.426
12,2,16,17,0.0,1.453
12,2,18,9,1.0,1.817
12,2,18,10,0.0,2.012
12,2,20,5,,
12,2,20,7,1.0,2.066
12,2,20,9,1.0,1.395
12,2,20,10,0.0,2.4
12,2,20,13,0.0,1.953
12,2,20,14,,
12,2,20,19,0.0,2.52
12,2,22,6,1.0,1.742
12,2,22,13,1.0,2.923
12,2,22,15,,
12,2,22,17,,
12,2,22,18,0.0,1.724
12,2,22,19,0.0,1.736
12,2,24,5,1.0,1.004
12,2,24,8,1.0,1.411
12,2,24,11,,
12,2,24,15,1.0,1.7369999999999999
12,2,24,16,0.0,1.778
12,2,24,17,0.0,2.225
12,2,24,20,,
12,2,26,6,1.0,1.4969999999999999
12,2,26,8,1.0,1.367
12,2,26,12,1.0,1.818
12,2,26,19,0.0,2.033
12,2,26,20,0.0,1.983
12,2,28,6,1.0,1.73
12,2,28,8,1.0,1.5
12,2,28,10,1.0,2.57
12,2,28,11,1.0,1.761
12,2,28,14,1.0,2.3080000000000003
12,2,28,15,1.0,1.7109999999999999
12,2,28,16,1.0,2.084
12,2,30,5,1.0,1.068
12,2,30,9,1.0,1.157
12,2,30,12,1.0,2.339
12,2,30,15,1.0,2.522
12,2,30,17,0.0,1.504
12,2,30,18,0.0,2.73
12,2,32,7,1.0,1.72
12,2,32,15,1.0,1.3780000000000001
12,2,32,18,1.0,1.371
12,2,34,6,1.0,1.371
12,2,34,12,1.0,2.29
12,2,34,18,1.0,1.8090000000000002
12,2,36,7,1.0,0.9179999999999999
12,2,36,9,1.0,1.75
12,2,36,13,1.0,1.415
12,2,36,14,1.0,1.4169999999999998
12,2,36,15,1.0,1.874
12,2,36,16,1.0,1.181
12,2,36,18,1.0,1.24
12,2,36,20,0.0,2.528
12,2,38,8,1.0,1.187
12,2,38,9,1.0,1.359
12,2,38,18,,
12,2,38,20,0.0,1.754
12,2,40,6,1.0,1.251
12,2,40,8,1.0,1.841
12,2,40,9,1.0,1.028
12,2,40,11,1.0,1.2570000000000001
12,2,40,16,1.0,1.7930000000000001
12,3,10,5,1.0,2.094
12,3,10,8,0.0,1.494
12,3,10,10,0.0,1.275
12,3,10,13,0.0,2.508
12,3,10,19,0.0,0.982
12,3,10,20,0.0,1.0979999999999999
12,3,12,8,0.0,2.5069999999999997
12,3,12,9,0.0,1.5519999999999998
12,3,12,11,0.0,1.6569999999999998
12,3,12,16,0.0,1.202
12,3,12,19,0.0,1.38
12,3,14,5,1.0,1.556
12,3,14,7,0.0,2.227
12,3,14,10,0.0,2.364
12,3,14,11,0.0,1.577
12,3,14,16,0.0,1.2770000000000001
12,3,14,18,0.0,1.23
12,3,14,19,0.0,1.156
12,3,16,11,0.0,2.2359999999999998
12,3,16,15,0.0,1.3980000000000001
12,3,16,16,0.0,1.382
12,3,16,19,,
12,3,18,6,1.0,1.8259999999999998
12,3,18,11,0.0,2.0340000000000003
12,3,18,13,0.0,1.74
12,3,18,15,0.0,2.134
12,3,18,16,0.0,2.971
12,3,18,18,0.0,1.099
12,3,18,19,0.0,1.376
12,3,20,8,1.0,1.074
12,3,20,11,1.0,1.8659999999999999
12,3,20,17,1.0,1.369
12,3,20,20,0.0,1.3090000000000002
12,3,22,5,1.0,1.228
12,3,22,8,1.0,1.7919999999999998
12,3,22,10,1.0,2.562
12,3,22,11,1.0,1.8730000000000002
12,3,22,12,1.0,1.7369999999999999
12,3,22,14,0.0,2.119
12,3,22,16,0.0,2.114
12,3,24,6,1.0,1.704
12,3,24,10,0.0,2.6
12,3,24,19,0.0,2.138
12,3,26,7,1.0,1.271
12,3,26,10,1.0,1.666
12,3,26,11,1.0,2.074
12,3,26,14,1.0,1.704
12,3,26,15,1.0,2.1069999999999998
12,3,26,17,1.0,1.575
12,3,28,5,1.0,1.7530000000000001
12,3,28,9,1.0,1.5959999999999999
12,3,28,17,0.0,1.5
12,3,28,18,1.0,1.778
12,3,28,20,0.0,1.704
12,3,30,7,1.0,1.197
12,3,30,8,1.0,1.25
12,3,30,10,1.0,1.736
12,3,30,11,1.0,2.133
12,3,30,14,1.0,1.444
12,3,30,20,0.0,2.116
12,3,32,8,1.0,1.185
12,3,32,12,1.0,1.617
12,3,32,13,1.0,2.339
12,3,32,14,1.0,1.712
12,3,34,5,1.0,1.1079999999999999
12,3,34,7,1.0,1.115
12,3,34,8,1.0,1.032
12,3,34,11,1.0,1.327
12,3,34,14,1.0,2.105
12,3,34,15,1.0,1.463
12,3,36,5,1.0,1.016
12,3,36,10,1.0,2.01
12,3,36,11,1.0,1.281
12,3,38,6,1.0,3.155
12,3,38,11,1.0,1.347
12,3,38,13,1.0,2.166
12,3,38,15,1.0,1.34
12,3,38,16,1.0,1.8430000000000002
12,3,38,17,0.0,2.11
12,3,38,19,0.0,2.109
12,3,40,12,1.0,1.6059999999999999
12,3,40,14,1.0,1.389
12,3,40,17,1.0,1.8659999999999999
12,3,40,18,1.0,2.469
12,3,40,20,1.0,2.5980000000000003
13,1,10,6,0.0,1.113
13,1,10,7,0.0,1.068
13,1,10,11,0.0,0.996
13,1,10,12,0.0,0.955
13,1,10,15,0.0,0.877
13,1,12,6,0.0,0.972
13,1,12,14,0.0,0.912
13,1,12,15,0.0,0.977
13,1,12,17,0.0,0.753
13,1,14,6,0.0,1.34
13,1,14,12,0.0,1.31
13,1,14,14,0.0,0.945
13,1,14,17,0.0,1.008
13,1,14,20,0.0,1.4480000000000002
13,1,16,5,1.0,1.061
13,1,16,10,0.0,1.265
13,1,16,12,0.0,0.904
13,1,16,13,0.0,1.1440000000000001
13,1,16,18,0.0,0.972
13,1,16,20,0.0,0.76
13,1,18,5,1.0,1.088
13,1,18,7,0.0,1.216
13,1,18,8,0.0,1.649
13,1,18,12,0.0,1.097
13,1,18,14,0.0,0.807
13,1,18,17,0.0,0.904
13,1,18,20,0.0,0.841
13,1,20,6,1.0,1.249
13,1,20,12,0.0,1.29
13,1,20,15,0.0,1.4780000000000002
13,1,20,16,0.0,1.03
13,1,20,18,0.0,0.631
13,1,22,7,1.0,1.453
13,1,22,9,0.0,2.1390000000000002
13,1,22,20,0.0,0.9390000000000001
13,1,24,7,1.0,1.179
13,1,24,9,1.0,1.3319999999999999
13,1,24,12,0.0,1.151
13,1,24,13,0.0,0.993
13,1,24,14,0.0,1.27
13,1,24,18,0.0,0.948
13,1,26,5,1.0,1.213
13,1,26,9,0.0,1.786
13,1,26,13,0.0,1.237
13,1,26,16,0.0,1.033
13,1,26,18,0.0,1.008
13,1,28,7,1.0,1.489
13,1,28,12,1.0,1.265
13,1,28,13,0.0,1.185
13,1,28,19,0.0,0.813
13,1,30,6,1.0,1.617
13,1,30,13,1.0,2.04
13,1,30,16,0.0,1.179
13,1,30,19,0.0,1.349
13,1,32,5,1.0,1.187
13,1,32,6,1.0,1.369
13,1,32,9,0.0,0.888
13,1,32,10,1.0,1.294
13,1,32,11,1.0,1.2009999999999998
13,1,32,16,0.0,1.17
13,1,32,17,0.0,1.136
13,1,32,19,0.0,1.095
13,1,32,20,0.0,0.9890000000000001
13,1,34,9,1.0,1.2670000000000001
13,1,34,10,1.0,1.4469999999999998
13,1,34,13,1.0,1.129
13,1,34,16,0.0,1.199
13,1,34,17,0.0,1.6640000000000001
13,1,34,19,0.0,1.508
13,1,34,20,0.0,1.0070000000000001
13,1,36,6,1.0,1.1340000000000001
13,1,36,8,1.0,1.361
13,1,36,12,0.0,1.962
13,1,36,17,0.0,1.266
13,1,36,19,0.0,1.435
13,1,38,5,1.0,1.003
13,1,38,7,1.0,1.2590000000000001
13,1,38,10,1.0,0.9620000000000001
13,1,38,12,1.0,1.219
13,1,38,14,1.0,2.023
13,1,40,5,1.0,1.165
13,1,40,7,1.0,1.193
13,1,40,10,1.0,1.33
13,1,40,13,0.0,0.97
13,1,40,15,0.0,1.3459999999999999
13,1,40,19,1.0,1.321
13,2,10,9,0.0,1.046
13,2,10,14,0.0,1.452
13,2,10,16,0.0,1.058
13,2,10,17,0.0,1.258
13,2,10,18,0.0,1.589
13,2,12,5,,
13,2,12,7,0.0,1.01
13,2,12,10,0.0,1.649
13,2,12,12,0.0,1.04
13,2,12,13,0.0,1.2409999999999999
13,2,12,18,0.0,1.074
13,2,12,20,0.0,1.37
13,2,14,8,0.0,1.7180000000000002
13,2,14,9,0.0,1.155
13,2,14,13,0.0,0.851
13,2,14,15,0.0,0.9
13,2,16,6,0.0,1.337
13,2,16,7,0.0,1.5419999999999998
13,2,16,8,0.0,1.787
13,2,16,9,0.0,1.561
13,2,16,14,0.0,2.339
13,2,16,17,0.0,1.237
13,2,18,9,0.0,1.3359999999999999
13,2,18,10,0.0,1.227
13,2,20,5,1.0,2.343
13,2,20,7,0.0,1.6669999999999998
13,2,20,9,0.0,1.412
13,2,20,10,0.0,1.294
13,2,20,13,0.0,0.9059999999999999
13,2,20,14,0.0,1.192
13,2,20,19,0.0,1.642
13,2,22,6,1.0,1.649
13,2,22,13,0.0,1.2409999999999999
13,2,22,15,0.0,1.1
13,2,22,17,0.0,1.273
13,2,22,18,0.0,1.318
13,2,22,19,0.0,1.581
13,2,24,5,1.0,1.308
13,2,24,8,0.0,0.76
13,2,24,11,1.0,1.331
13,2,24,15,0.0,1.781
13,2,24,16,0.0,1.169
13,2,24,17,0.0,0.915
13,2,24,20,0.0,1.534
13,2,26,6,1.0,1.46
13,2,26,8,1.0,2.134
13,2,26,12,0.0,1.604
13,2,26,19,0.0,1.193
13,2,26,20,0.0,1.064
13,2,28,6,1.0,1.0
13,2,28,8,1.0,1.608
13,2,28,10,0.0,1.0959999999999999
13,2,28,11,1.0,2.023
13,2,28,14,0.0,1.65
13,2,28,15,0.0,0.993
13,2,28,16,0.0,1.5119999999999998
13,2,30,5,1.0,1.74
13,2,30,9,0.0,2.114
13,2,30,12,0.0,1.643
13,2,30,15,0.0,1.923
13,2,30,17,0.0,1.078
13,2,30,18,1.0,1.113
13,2,32,7,1.0,1.054
13,2,32,15,1.0,2.01
13,2,32,18,0.0,1.016
13,2,34,6,1.0,1.3969999999999998
13,2,34,12,0.0,2.557
13,2,34,18,0.0,1.571
13,2,36,7,1.0,1.285
13,2,36,9,0.0,1.845
13,2,36,13,1.0,1.795
13,2,36,14,0.0,1.003
13,2,36,15,1.0,1.6569999999999998
13,2,36,16,0.0,1.297
13,2,36,18,1.0,2.8760000000000003
13,2,36,20,0.0,1.581
13,2,38,8,1.0,1.295
13,2,38,9,1.0,1.4569999999999999
13,2,38,18,1.0,1.714
13,2,38,20,0.0,1.8159999999999998
13,2,40,6,1.0,1.358
13,2,40,8,1.0,1.169
13,2,40,9,1.0,1.158
13,2,40,11,1.0,1.111
13,2,40,16,1.0,2.3209999999999997
13,3,10,5,0.0,1.319
13,3,10,8,0.0,0.98
13,3,10,10,0.0,1.021
13,3,10,13,0.0,0.727
13,3,10,19,0.0,1.41
13,3,10,20,0.0,1.1540000000000001
13,3,12,8,0.0,1.0759999999999998
13,3,12,9,0.0,1.0759999999999998
13,3,12,11,0.0,0.882
13,3,12,16,0.0,0.809
13,3,12,19,0.0,1.15
13,3,14,5,1.0,1.8880000000000001
13,3,14,7,0.0,0.887
13,3,14,10,0.0,1.3259999999999998
13,3,14,11,0.0,0.971
13,3,14,16,0.0,0.7509999999999999
13,3,14,18,0.0,0.946
13,3,14,19,0.0,0.7190000000000001
13,3,16,11,0.0,1.1540000000000001
13,3,16,15,0.0,0.971
13,3,16,16,0.0,0.722
13,3,16,19,0.0,0.784
13,3,18,6,0.0,2.144
13,3,18,11,0.0,1.4980000000000002
13,3,18,13,0.0,1.082
13,3,18,15,0.0,1.006
13,3,18,16,0.0,1.3090000000000002
13,3,18,18,0.0,0.75
13,3,18,19,0.0,0.9329999999999999
13,3,20,8,0.0,1.815
13,3,20,11,0.0,1.568
13,3,20,17,0.0,1.183
13,3,20,20,0.0,0.88
13,3,22,5,1.0,1.287
13,3,22,8,0.0,1.7080000000000002
13,3,22,10,0.0,1.3869999999999998
13,3,22,11,0.0,1.26
13,3,22,12,0.0,1.236
13,3,22,14,0.0,1.225
13,3,22,16,0.0,0.7
13,3,24,6,0.0,1.472
13,3,24,10,0.0,1.91
13,3,24,19,0.0,1.2919999999999998
13,3,26,7,0.0,2.248
13,3,26,10,0.0,1.56
13,3,26,11,0.0,1.483
13,3,26,14,0.0,1.594
13,3,26,15,0.0,1.242
13,3,26,17,0.0,1.334
13,3,28,5,1.0,1.227
13,3,28,9,1.0,1.5419999999999998
13,3,28,17,0.0,0.8540000000000001
13,3,28,18,0.0,1.119
13,3,28,20,0.0,1.264
13,3,30,7,1.0,1.446
13,3,30,8,1.0,1.8
13,3,30,10,1.0,1.198
13,3,30,11,1.0,1.758
13,3,30,14,0.0,1.703
13,3,30,20,0.0,1.3230000000000002
13,3,32,8,1.0,1.329
13,3,32,12,0.0,1.85
13,3,32,13,0.0,1.091
13,3,32,14,0.0,1.281
13,3,34,5,1.0,1.115
13,3,34,7,1.0,1.6969999999999998
13,3,34,8,1.0,1.375
13,3,34,11,1.0,1.4780000000000002
13,3,34,14,0.0,2.375
13,3,34,15,0.0,2.01
13,3,36,5,1.0,1.291
13,3,36,10,1.0,1.2770000000000001
13,3,36,11,0.0,1.761
13,3,38,6,1.0,1.327
13,3,38,11,1.0,1.218
13,3,38,13,1.0,2.145
13,3,38,15,0.0,1.156
13,3,38,16,1.0,1.574
13,3,38,17,0.0,1.4980000000000002
13,3,38,19,0.0,2.329
13,3,40,12,1.0,1.8730000000000002
13,3,40,14,1.0,1.653
13,3,40,17,0.0,1.453
13,3,40,18,0.0,1.104
13,3,40,20,0.0,1.213
14,1,10,6,0.0,2.359
14,1,10,7,0.0,1.7180000000000002
14,1,10,11,0.0,1.75
14,1,10,12,0.0,1.18
14,1,10,15,1.0,2.983
14,1,12,6,1.0,2.343
14,1,12,14,0.0,1.252
14,1,12,15,0.0,1.41
14,1,12,17,0.0,1.0859999999999999
14,1,14,6,1.0,1.749
14,1,14,12,0.0,1.371
14,1,14,14,,
14,1,14,17,0.0,1.729
14,1,14,20,0.0,2.0380000000000003
14,1,16,5,1.0,1.6059999999999999
14,1,16,10,0.0,1.921
14,1,16,12,0.0,1.099
14,1,16,13,0.0,1.546
14,1,16,18,0.0,1.215
14,1,16,20,0.0,1.374
14,1,18,5,1.0,1.757
14,1,18,7,1.0,1.4469999999999998
14,1,18,8,1.0,1.749
14,1,18,12,1.0,0.001
14,1,18,14,0.0,1.881
14,1,18,17,0.0,1.8659999999999999
14,1,18,20,0.0,1.067
14,1,20,6,1.0,1.1059999999999999
14,1,20,12,1.0,2.0069999999999997
14,1,20,15,,
14,1,20,16,0.0,1.785
14,1,20,18,0.0,1.726
14,1,22,7,1.0,1.2229999999999999
14,1,22,9,1.0,1.3259999999999998
14,1,22,20,0.0,1.339
14,1,24,7,1.0,1.6769999999999998
14,1,24,9,1.0,2.074
14,1,24,12,1.0,2.131
14,1,24,13,,
14,1,24,14,0.0,1.3559999999999999
14,1,24,18,0.0,1.551
14,1,26,5,1.0,1.294
14,1,26,9,1.0,1.156
14,1,26,13,1.0,1.589
14,1,26,16,0.0,2.6010000000000004
14,1,26,18,1.0,2.0
14,1,28,7,1.0,1.6340000000000001
14,1,28,12,1.0,1.569
14,1,28,13,0.0,1.3840000000000001
14,1,28,19,0.0,1.984
14,1,30,6,1.0,1.252
14,1,30,13,1.0,2.2969999999999997
14,1,30,16,0.0,1.693
14,1,30,19,0.0,1.754
14,1,32,5,1.0,1.2930000000000001
14,1,32,6,1.0,1.036
14,1,32,9,1.0,2.136
14,1,32,10,1.0,1.624
14,1,32,11,1.0,2.747
14,1,32,16,0.0,2.123
14,1,32,17,0.0,2.104
14,1,32,19,1.0,1.479
14,1,32,20,0.0,1.577
14,1,34,9,1.0,1.06
14,1,34,10,1.0,2.39
14,1,34,13,1.0,2.269
14,1,34,16,,
14,1,34,17,1.0,1.775
14,1,34,19,0.0,1.51
14,1,34,20,0.0,1.328
14,1,36,6,1.0,1.0070000000000001
14,1,36,8,1.0,1.177
14,1,36,12,0.0,1.348
14,1,36,17,1.0,2.283
14,1,36,19,0.0,1.926
14,1,38,5,1.0,1.094
14,1,38,7,1.0,1.037
14,1,38,10,1.0,1.875
14,1,38,12,1.0,2.3930000000000002
14,1,38,14,1.0,1.626
14,1,40,5,1.0,1.07
14,1,40,7,1.0,1.446
14,1,40,10,1.0,1.179
14,1,40,13,1.0,1.874
14,1,40,15,0.0,2.01
14,1,40,19,1.0,2.062
14,2,10,9,0.0,1.148
14,2,10,14,0.0,1.673
14,2,10,16,0.0,1.18
14,2,10,17,0.0,1.3119999999999998
14,2,10,18,0.0,1.5090000000000001
14,2,12,5,1.0,1.608
14,2,12,7,0.0,2.046
14,2,12,10,0.0,1.565
14,2,12,12,0.0,0.991
14,2,12,13,0.0,1.262
14,2,12,18,0.0,1.31
14,2,12,20,0.0,1.339
14,2,14,8,1.0,1.675
14,2,14,9,1.0,1.3119999999999998
14,2,14,13,0.0,1.456
14,2,14,15,0.0,1.1840000000000002
14,2,16,6,0.0,1.8840000000000001
14,2,16,7,1.0,1.611
14,2,16,8,1.0,1.8459999999999999
14,2,16,9,0.0,1.922
14,2,16,14,0.0,1.2
14,2,16,17,0.0,1.551
14,2,18,9,1.0,1.541
14,2,18,10,0.0,1.9509999999999998
14,2,20,5,1.0,1.083
14,2,20,7,1.0,1.34
14,2,20,9,1.0,1.601
14,2,20,10,0.0,1.3619999999999999
14,2,20,13,0.0,1.751
14,2,20,14,0.0,1.3319999999999999
14,2,20,19,0.0,1.176
14,2,22,6,0.0,1.774
14,2,22,13,0.0,1.45
14,2,22,15,0.0,1.442
14,2,22,17,0.0,1.679
14,2,22,18,0.0,1.4669999999999999
14,2,22,19,0.0,1.714
14,2,24,5,1.0,1.515
14,2,24,8,1.0,0.871
14,2,24,11,0.0,1.643
14,2,24,15,0.0,1.722
14,2,24,16,0.0,1.5830000000000002
14,2,24,17,0.0,1.55
14,2,24,20,0.0,1.395
14,2,26,6,1.0,5.487
14,2,26,8,1.0,1.4269999999999998
14,2,26,12,1.0,1.9680000000000002
14,2,26,19,0.0,1.294
14,2,26,20,0.0,1.254
14,2,28,6,1.0,1.085
14,2,28,8,1.0,1.19
14,2,28,10,0.0,1.3559999999999999
14,2,28,11,0.0,1.46
14,2,28,14,0.0,1.567
14,2,28,15,1.0,1.861
14,2,28,16,0.0,1.764
14,2,30,5,1.0,2.026
14,2,30,9,1.0,0.9059999999999999
14,2,30,12,0.0,1.865
14,2,30,15,0.0,1.732
14,2,30,17,0.0,1.9709999999999999
14,2,30,18,0.0,1.53
14,2,32,7,1.0,1.107
14,2,32,15,0.0,1.814
14,2,32,18,0.0,1.068
14,2,34,6,1.0,1.315
14,2,34,12,0.0,1.476
14,2,34,18,0.0,1.329
14,2,36,7,1.0,1.839
14,2,36,9,1.0,1.3940000000000001
14,2,36,13,0.0,1.5490000000000002
14,2,36,14,1.0,1.72
14,2,36,15,0.0,1.527
14,2,36,16,0.0,1.901
14,2,36,18,0.0,1.881
14,2,36,20,0.0,1.5130000000000001
14,2,38,8,1.0,1.46
14,2,38,9,1.0,1.433
14,2,38,18,0.0,1.2919999999999998
14,2,38,20,0.0,1.325
14,2,40,6,1.0,1.483
14,2,40,8,1.0,1.156
14,2,40,9,1.0,1.034
14,2,40,11,1.0,1.4140000000000001
14,2,40,16,1.0,1.702
14,3,10,5,1.0,1.476
14,3,10,8,0.0,1.626
14,3,10,10,0.0,0.9640000000000001
14,3,10,13,0.0,1.44
14,3,10,19,0.0,1.2109999999999999
14,3,10,20,0.0,1.636
14,3,12,8,1.0,1.413
14,3,12,9,0.0,1.5859999999999999
14,3,12,11,0.0,1.107
14,3,12,16,0.0,1.8
14,3,12,19,0.0,1.642
14,3,14,5,1.0,2.177
14,3,14,7,1.0,1.4409999999999998
14,3,14,10,0.0,1.7009999999999998
14,3,14,11,1.0,1.5930000000000002
14,3,14,16,0.0,1.222
14,3,14,18,0.0,1.3090000000000002
14,3,14,19,0.0,1.216
14,3,16,11,0.0,1.6269999999999998
14,3,16,15,,
14,3,16,16,0.0,1.423
14,3,16,19,0.0,1.3319999999999999
14,3,18,6,1.0,1.554
14,3,18,11,0.0,1.624
14,3,18,13,0.0,1.354
14,3,18,15,0.0,1.607
14,3,18,16,0.0,0.955
14,3,18,18,0.0,1.092
14,3,18,19,0.0,1.361
14,3,20,8,1.0,0.857
14,3,20,11,0.0,1.758
14,3,20,17,0.0,1.686
14,3,20,20,0.0,0.934
14,3,22,5,1.0,1.3259999999999998
14,3,22,8,1.0,1.8090000000000002
14,3,22,10,0.0,1.169
14,3,22,11,0.0,1.506
14,3,22,12,0.0,1.3730000000000002
14,3,22,14,0.0,1.939
14,3,22,16,0.0,1.286
14,3,24,6,1.0,0.953
14,3,24,10,0.0,1.508
14,3,24,19,0.0,1.625
14,3,26,7,1.0,0.7959999999999999
14,3,26,10,0.0,2.002
14,3,26,11,1.0,1.9569999999999999
14,3,26,14,0.0,1.496
14,3,26,15,0.0,1.484
14,3,26,17,0.0,1.329
14,3,28,5,1.0,1.181
14,3,28,9,1.0,1.357
14,3,28,17,1.0,1.177
14,3,28,18,0.0,1.203
14,3,28,20,0.0,1.412
14,3,30,7,1.0,1.27
14,3,30,8,1.0,1.073
14,3,30,10,1.0,1.45
14,3,30,11,1.0,1.198
14,3,30,14,0.0,1.4069999999999998
14,3,30,20,1.0,2.057
14,3,32,8,1.0,1.464
14,3,32,12,1.0,1.568
14,3,32,13,1.0,1.247
14,3,32,14,0.0,1.811
14,3,34,5,1.0,1.2670000000000001
14,3,34,7,1.0,1.031
14,3,34,8,1.0,1.0659999999999998
14,3,34,11,1.0,1.489
14,3,34,14,0.0,1.43
14,3,34,15,0.0,1.335
14,3,36,5,1.0,1.6230000000000002
14,3,36,10,1.0,1.484
14,3,36,11,1.0,1.5530000000000002
14,3,38,6,1.0,1.67
14,3,38,11,1.0,1.265
14,3,38,13,1.0,1.675
14,3,38,15,1.0,1.74
14,3,38,16,1.0,1.228
14,3,38,17,0.0,1.619
14,3,38,19,1.0,1.578
14,3,40,12,1.0,1.275
14,3,40,14,1.0,1.396
14,3,40,17,1.0,1.63
14,3,40,18,1.0,1.545
14,3,40,20,1.0,1.3230000000000002
15,1,10,6,0.0,2.194
15,1,10,7,0.0,1.757
15,1,10,11,0.0,1.18
15,1,10,12,0.0,2.167
15,1,10,15,0.0,1.205
15,1,12,6,0.0,0.909
15,1,12,14,0.0,1.331
15,1,12,15,0.0,1.0190000000000001
15,1,12,17,0.0,0.985
15,1,14,6,0.0,1.74
15,1,14,12,0.0,1.608
15,1,14,14,0.0,1.636
15,1,14,17,0.0,1.521
15,1,14,20,0.0,1.662
15,1,16,5,1.0,1.51
15,1,16,10,0.0,1.246
15,1,16,12,0.0,1.835
15,1,16,13,0.0,1.922
15,1,16,18,0.0,1.655
15,1,16,20,0.0,1.65
15,1,18,5,1.0,1.4809999999999999
15,1,18,7,0.0,1.722
15,1,18,8,0.0,1.94
15,1,18,12,0.0,1.3119999999999998
15,1,18,14,0.0,1.651
15,1,18,17,0.0,2.15
15,1,18,20,0.0,1.2819999999999998
15,1,20,6,1.0,1.527
15,1,20,12,0.0,2.371
15,1,20,15,0.0,2.366
15,1,20,16,0.0,1.528
15,1,20,18,0.0,1.3980000000000001
15,1,22,7,1.0,1.4369999999999998
15,1,22,9,1.0,2.42
15,1,22,20,0.0,1.642
15,1,24,7,1.0,1.9869999999999999
15,1,24,9,1.0,2.173
15,1,24,12,0.0,1.776
15,1,24,13,0.0,1.6880000000000002
15,1,24,14,0.0,1.578
15,1,24,18,0.0,1.078
15,1,26,5,1.0,1.63
15,1,26,9,1.0,2.154
15,1,26,13,,
15,1,26,16,0.0,1.578
15,1,26,18,0.0,1.482
15,1,28,7,1.0,1.361
15,1,28,12,1.0,1.7819999999999998
15,1,28,13,0.0,1.575
15,1,28,19,0.0,1.886
15,1,30,6,1.0,1.882
15,1,30,13,1.0,1.473
15,1,30,16,1.0,1.6909999999999998
15,1,30,19,0.0,1.229
15,1,32,5,1.0,1.662
15,1,32,6,1.0,1.298
15,1,32,9,1.0,1.09
15,1,32,10,0.0,1.9709999999999999
15,1,32,11,,
15,1,32,16,0.0,1.237
15,1,32,17,0.0,1.376
15,1,32,19,1.0,1.903
15,1,32,20,0.0,1.857
15,1,34,9,1.0,1.7080000000000002
15,1,34,10,0.0,1.416
15,1,34,13,0.0,1.473
15,1,34,16,0.0,1.464
15,1,34,17,0.0,1.4069999999999998
15,1,34,19,0.0,1.618
15,1,34,20,0.0,1.84
15,1,36,6,1.0,1.4769999999999999
15,1,36,8,1.0,1.521
15,1,36,12,0.0,1.7469999999999999
15,1,36,17,0.0,2.187
15,1,36,19,0.0,1.3159999999999998
15,1,38,5,1.0,1.331
15,1,38,7,1.0,1.557
15,1,38,10,0.0,1.099
15,1,38,12,0.0,1.3230000000000002
15,1,38,14,0.0,1.775
15,1,40,5,1.0,1.6569999999999998
15,1,40,7,1.0,1.0979999999999999
15,1,40,10,1.0,1.858
15,1,40,13,1.0,1.723
15,1,40,15,1.0,2.526
15,1,40,19,0.0,1.6909999999999998
15,2,10,9,0.0,1.09
15,2,10,14,0.0,1.568
15,2,10,16,0.0,1.985
15,2,10,17,0.0,3.333
15,2,10,18,0.0,1.4380000000000002
15,2,12,5,0.0,1.2819999999999998
15,2,12,7,0.0,1.655
15,2,12,10,0.0,1.3219999999999998
15,2,12,12,0.0,1.002
15,2,12,13,0.0,1.067
15,2,12,18,0.0,1.611
15,2,12,20,0.0,2.019
15,2,14,8,0.0,1.7209999999999999
15,2,14,9,0.0,1.367
15,2,14,13,0.0,1.807
15,2,14,15,0.0,1.1059999999999999
15,2,16,6,0.0,1.6740000000000002
15,2,16,7,0.0,1.391
15,2,16,8,0.0,1.86
15,2,16,9,0.0,1.067
15,2,16,14,0.0,1.578
15,2,16,17,0.0,1.29
15,2,18,9,0.0,1.178
15,2,18,10,0.0,2.483
15,2,20,5,0.0,2.0069999999999997
15,2,20,7,0.0,1.409
15,2,20,9,0.0,2.185
15,2,20,10,0.0,1.526
15,2,20,13,0.0,1.162
15,2,20,14,0.0,1.278
15,2,20,19,0.0,2.092
15,2,22,6,0.0,1.85
15,2,22,13,0.0,1.7
15,2,22,15,0.0,1.7109999999999999
15,2,22,17,0.0,1.849
15,2,22,18,0.0,1.111
15,2,22,19,0.0,1.865
15,2,24,5,1.0,1.324
15,2,24,8,0.0,1.385
15,2,24,11,0.0,1.288
15,2,24,15,0.0,1.248
15,2,24,16,0.0,1.9969999999999999
15,2,24,17,0.0,0.8759999999999999
15,2,24,20,0.0,1.39
15,2,26,6,1.0,1.42
15,2,26,8,1.0,1.841
15,2,26,12,0.0,1.057
15,2,26,19,0.0,1.62
15,2,26,20,0.0,1.207
15,2,28,6,1.0,1.482
15,2,28,8,1.0,2.627
15,2,28,10,0.0,1.514
15,2,28,11,0.0,1.261
15,2,28,14,0.0,1.268
15,2,28,15,0.0,1.636
15,2,28,16,0.0,1.395
15,2,30,5,0.0,2.6060000000000003
15,2,30,9,1.0,1.5959999999999999
15,2,30,12,1.0,2.444
15,2,30,15,0.0,2.181
15,2,30,17,0.0,1.3259999999999998
15,2,30,18,0.0,1.31
15,2,32,7,,
15,2,32,15,0.0,1.179
15,2,32,18,,
15,2,34,6,1.0,1.247
15,2,34,12,0.0,1.675
15,2,34,18,0.0,1.453
15,2,36,7,1.0,1.3159999999999998
15,2,36,9,1.0,1.5859999999999999
15,2,36,13,0.0,1.285
15,2,36,14,0.0,1.062
15,2,36,15,0.0,1.2109999999999999
15,2,36,16,0.0,0.9890000000000001
15,2,36,18,0.0,1.4880000000000002
15,2,36,20,0.0,1.469
15,2,38,8,1.0,1.228
15,2,38,9,1.0,1.5290000000000001
15,2,38,18,0.0,1.435
15,2,38,20,0.0,1.117
15,2,40,6,1.0,1.218
15,2,40,8,1.0,1.45
15,2,40,9,1.0,1.34
15,2,40,11,1.0,1.423
15,2,40,16,0.0,1.599
15,3,10,5,0.0,1.706
15,3,10,8,0.0,1.165
15,3,10,10,1.0,2.046
15,3,10,13,0.0,1.544
15,3,10,19,0.0,1.266
15,3,10,20,0.0,1.1340000000000001
15,3,12,8,0.0,1.416
15,3,12,9,0.0,1.943
15,3,12,11,0.0,1.915
15,3,12,16,0.0,1.348
15,3,12,19,0.0,2.807
15,3,14,5,,
15,3,14,7,1.0,1.933
15,3,14,10,0.0,2.011
15,3,14,11,0.0,1.212
15,3,14,16,0.0,1.239
15,3,14,18,0.0,1.494
15,3,14,19,0.0,2.24
15,3,16,11,1.0,2.853
15,3,16,15,0.0,1.254
15,3,16,16,0.0,1.28
15,3,16,19,0.0,2.278
15,3,18,6,1.0,1.671
15,3,18,11,0.0,1.402
15,3,18,13,0.0,2.234
15,3,18,15,0.0,2.449
15,3,18,16,0.0,2.0540000000000003
15,3,18,18,1.0,2.967
15,3,18,19,0.0,1.807
15,3,20,8,1.0,2.801
15,3,20,11,0.0,1.604
15,3,20,17,0.0,2.176
15,3,20,20,0.0,1.01
15,3,22,5,1.0,1.32
15,3,22,8,1.0,1.96
15,3,22,10,,
15,3,22,11,0.0,1.643
15,3,22,12,1.0,2.515
15,3,22,14,1.0,2.562
15,3,22,16,0.0,1.9280000000000002
15,3,24,6,1.0,2.249
15,3,24,10,,
15,3,24,19,0.0,2.125
15,3,26,7,1.0,1.9140000000000001
15,3,26,10,0.0,2.411
15,3,26,11,0.0,1.359
15,3,26,14,0.0,2.063
15,3,26,15,0.0,1.3259999999999998
15,3,26,17,0.0,1.4380000000000002
15,3,28,5,1.0,2.094
15,3,28,9,1.0,2.279
15,3,28,17,,
15,3,28,18,1.0,2.9739999999999998
15,3,28,20,0.0,1.771
15,3,30,7,1.0,1.751
15,3,30,8,1.0,2.21
15,3,30,10,1.0,1.587
15,3,30,11,1.0,1.5919999999999999
15,3,30,14,0.0,2.9810000000000003
15,3,30,20,1.0,1.69
15,3,32,8,1.0,1.5959999999999999
15,3,32,12,0.0,1.47
15,3,32,13,1.0,2.043
15,3,32,14,1.0,2.275
15,3,34,5,1.0,1.7069999999999999
15,3,34,7,1.0,1.939
15,3,34,8,,
15,3,34,11,1.0,1.775
15,3,34,14,1.0,2.155
15,3,34,15,0.0,2.5469999999999997
15,3,36,5,1.0,2.7880000000000003
15,3,36,10,1.0,2.7260000000000004
15,3,36,11,0.0,2.372
15,3,38,6,1.0,1.984
15,3,38,11,1.0,2.912
15,3,38,13,1.0,2.483
15,3,38,15,0.0,1.47
15,3,38,16,1.0,2.285
15,3,38,17,1.0,2.404
15,3,38,19,1.0,2.459
15,3,40,12,1.0,2.273
15,3,40,14,1.0,1.571
15,3,40,17,1.0,2.544
15,3,40,18,1.0,1.929
15,3,40,20,1.0,2.638
16,1,10,6,0.0,1.1440000000000001
16,1,10,7,0.0,0.8009999999999999
16,1,10,11,0.0,0.826
16,1,10,12,0.0,0.8640000000000001
16,1,10,15,0.0,0.963
16,1,12,6,0.0,1.3630000000000002
16,1,12,14,0.0,0.9590000000000001
16,1,12,15,0.0,0.9440000000000001
16,1,12,17,0.0,0.831
16,1,14,6,0.0,1.327
16,1,14,12,0.0,0.9490000000000001
16,1,14,14,0.0,1.04
16,1,14,17,0.0,0.975
16,1,14,20,0.0,1.3559999999999999
16,1,16,5,1.0,1.157
16,1,16,10,0.0,1.484
16,1,16,12,0.0,0.9670000000000001
16,1,16,13,0.0,1.214
16,1,16,18,0.0,0.867
16,1,16,20,0.0,0.983
16,1,18,5,1.0,1.35
16,1,18,7,1.0,1.0190000000000001
16,1,18,8,1.0,1.161
16,1,18,12,0.0,1.0979999999999999
16,1,18,14,0.0,0.9890000000000001
16,1,18,17,0.0,1.012
16,1,18,20,0.0,0.7440000000000001
16,1,20,6,1.0,1.0959999999999999
16,1,20,12,0.0,1.315
16,1,20,15,0.0,1.155
16,1,20,16,0.0,1.396
16,1,20,18,0.0,1.284
16,1,22,7,1.0,1.386
16,1,22,9,0.0,0.953
16,1,22,20,0.0,0.951
16,1,24,7,1.0,1.0170000000000001
16,1,24,9,1.0,1.2329999999999999
16,1,24,12,0.0,1.494
16,1,24,13,0.0,1.507
16,1,24,14,0.0,1.3530000000000002
16,1,24,18,0.0,0.907
16,1,26,5,1.0,1.246
16,1,26,9,1.0,1.0959999999999999
16,1,26,13,0.0,1.557
16,1,26,16,0.0,1.663
16,1,26,18,0.0,1.6869999999999998
16,1,28,7,1.0,1.021
16,1,28,12,1.0,1.7169999999999999
16,1,28,13,1.0,1.081
16,1,28,19,0.0,1.067
16,1,30,6,1.0,0.879
16,1,30,13,1.0,1.284
16,1,30,16,1.0,1.305
16,1,30,19,0.0,1.216
16,1,32,5,1.0,1.0490000000000002
16,1,32,6,1.0,0.935
16,1,32,9,1.0,1.237
16,1,32,10,1.0,1.169
16,1,32,11,1.0,0.945
16,1,32,16,0.0,1.3980000000000001
16,1,32,17,0.0,1.1059999999999999
16,1,32,19,0.0,1.511
16,1,32,20,0.0,1.436
16,1,34,9,1.0,1.024
16,1,34,10,1.0,1.157
16,1,34,13,1.0,1.207
16,1,34,16,1.0,1.206
16,1,34,17,0.0,1.412
16,1,34,19,1.0,1.751
16,1,34,20,0.0,1.5819999999999999
16,1,36,6,1.0,0.917
16,1,36,8,1.0,1.294
16,1,36,12,1.0,1.153
16,1,36,17,1.0,1.1840000000000002
16,1,36,19,0.0,1.217
16,1,38,5,1.0,0.858
16,1,38,7,1.0,0.907
16,1,38,10,1.0,1.073
16,1,38,12,1.0,0.929
16,1,38,14,1.0,1.205
16,1,40,5,1.0,1.035
16,1,40,7,1.0,0.871
16,1,40,10,1.0,0.7140000000000001
16,1,40,13,1.0,1.5919999999999999
16,1,40,15,1.0,1.328
16,1,40,19,0.0,1.464
16,2,10,9,0.0,1.01
16,2,10,14,0.0,1.365
16,2,10,16,0.0,1.3940000000000001
16,2,10,17,0.0,1.349
16,2,10,18,0.0,1.0390000000000001
16,2,12,5,1.0,1.7890000000000001
16,2,12,7,0.0,1.13
16,2,12,10,0.0,0.993
16,2,12,12,0.0,1.0979999999999999
16,2,12,13,0.0,0.986
16,2,12,18,0.0,1.258
16,2,12,20,0.0,0.96
16,2,14,8,0.0,1.5959999999999999
16,2,14,9,0.0,1.3869999999999998
16,2,14,13,0.0,1.179
16,2,14,15,0.0,1.1159999999999999
16,2,16,6,1.0,0.8759999999999999
16,2,16,7,1.0,1.919
16,2,16,8,1.0,1.89
16,2,16,9,0.0,1.6780000000000002
16,2,16,14,0.0,1.354
16,2,16,17,0.0,1.063
16,2,18,9,1.0,1.6640000000000001
16,2,18,10,1.0,1.495
16,2,20,5,1.0,1.811
16,2,20,7,1.0,0.924
16,2,20,9,1.0,0.9840000000000001
16,2,20,10,1.0,1.3259999999999998
16,2,20,13,1.0,1.6640000000000001
16,2,20,14,0.0,1.704
16,2,20,19,0.0,1.149
16,2,22,6,1.0,1.006
16,2,22,13,0.0,1.319
16,2,22,15,0.0,1.91
16,2,22,17,0.0,1.656
16,2,22,18,0.0,1.103
16,2,22,19,0.0,1.4709999999999999
16,2,24,5,1.0,1.943
16,2,24,8,1.0,1.345
16,2,24,11,1.0,1.4969999999999999
16,2,24,15,1.0,1.413
16,2,24,16,0.0,1.514
16,2,24,17,0.0,1.133
16,2,24,20,0.0,0.998
16,2,26,6,1.0,1.1159999999999999
16,2,26,8,1.0,1.091
16,2,26,12,0.0,2.1180000000000003
16,2,26,19,0.0,1.1540000000000001
16,2,26,20,0.0,1.56
16,2,28,6,1.0,0.945
16,2,28,8,1.0,1.425
16,2,28,10,1.0,1.514
16,2,28,11,1.0,1.35
16,2,28,14,0.0,1.453
16,2,28,15,0.0,1.391
16,2,28,16,1.0,1.453
16,2,30,5,1.0,1.156
16,2,30,9,1.0,0.8440000000000001
16,2,30,12,1.0,1.3430000000000002
16,2,30,15,1.0,1.5319999999999998
16,2,30,17,1.0,1.255
16,2,30,18,1.0,1.393
16,2,32,7,1.0,0.95
16,2,32,15,1.0,1.443
16,2,32,18,0.0,1.849
16,2,34,6,1.0,1.015
16,2,34,12,1.0,1.2329999999999999
16,2,34,18,1.0,1.349
16,2,36,7,1.0,0.868
16,2,36,9,1.0,1.271
16,2,36,13,1.0,1.445
16,2,36,14,1.0,1.8719999999999999
16,2,36,15,1.0,1.77
16,2,36,16,1.0,1.3980000000000001
16,2,36,18,1.0,1.493
16,2,36,20,0.0,1.574
16,2,38,8,1.0,1.1179999999999999
16,2,38,9,1.0,0.882
16,2,38,18,1.0,1.48
16,2,38,20,1.0,1.8330000000000002
16,2,40,6,1.0,0.912
16,2,40,8,1.0,1.105
16,2,40,9,1.0,0.882
16,2,40,11,1.0,0.866
16,2,40,16,1.0,0.9620000000000001
16,3,10,5,0.0,1.709
16,3,10,8,0.0,0.955
16,3,10,10,0.0,0.9209999999999999
16,3,10,13,0.0,1.0270000000000001
16,3,10,19,0.0,0.9940000000000001
16,3,10,20,0.0,1.082
16,3,12,8,0.0,1.2830000000000001
16,3,12,9,0.0,1.459
16,3,12,11,0.0,1.0859999999999999
16,3,12,16,0.0,0.941
16,3,12,19,0.0,0.9640000000000001
16,3,14,5,0.0,1.037
16,3,14,7,1.0,1.2670000000000001
16,3,14,10,0.0,0.9940000000000001
16,3,14,11,0.0,0.8859999999999999
16,3,14,16,0.0,0.9
16,3,14,18,0.0,1.156
16,3,14,19,0.0,1.026
16,3,16,11,0.0,0.882
16,3,16,15,0.0,0.907
16,3,16,16,0.0,0.946
16,3,16,19,0.0,0.929
16,3,18,6,1.0,1.432
16,3,18,11,1.0,0.981
16,3,18,13,0.0,1.2309999999999999
16,3,18,15,0.0,1.01
16,3,18,16,1.0,1.236
16,3,18,18,0.0,1.162
16,3,18,19,0.0,1.126
16,3,20,8,1.0,1.043
16,3,20,11,0.0,1.268
16,3,20,17,0.0,1.3559999999999999
16,3,20,20,0.0,1.013
16,3,22,5,1.0,1.2429999999999999
16,3,22,8,1.0,1.3
16,3,22,10,1.0,1.824
16,3,22,11,0.0,1.278
16,3,22,12,0.0,1.115
16,3,22,14,0.0,1.26
16,3,22,16,0.0,1.002
16,3,24,6,1.0,1.156
16,3,24,10,1.0,1.444
16,3,24,19,0.0,0.991
16,3,26,7,1.0,0.932
16,3,26,10,1.0,1.469
16,3,26,11,1.0,1.1159999999999999
16,3,26,14,0.0,1.2229999999999999
16,3,26,15,0.0,1.123
16,3,26,17,0.0,1.194
16,3,28,5,1.0,1.0190000000000001
16,3,28,9,1.0,1.041
16,3,28,17,1.0,1.318
16,3,28,18,0.0,1.12
16,3,28,20,0.0,0.941
16,3,30,7,1.0,1.05
16,3,30,8,1.0,0.985
16,3,30,10,1.0,0.9159999999999999
16,3,30,11,1.0,1.016
16,3,30,14,1.0,1.3559999999999999
16,3,30,20,0.0,1.228
16,3,32,8,1.0,0.99
16,3,32,12,1.0,1.1420000000000001
16,3,32,13,1.0,1.137
16,3,32,14,1.0,1.324
16,3,34,5,1.0,0.9490000000000001
16,3,34,7,1.0,1.061
16,3,34,8,1.0,1.248
16,3,34,11,1.0,1.258
16,3,34,14,1.0,1.34
16,3,34,15,1.0,1.1179999999999999
16,3,36,5,1.0,0.93
16,3,36,10,1.0,0.929
16,3,36,11,1.0,1.078
16,3,38,6,1.0,0.9229999999999999
16,3,38,11,1.0,1.163
16,3,38,13,1.0,1.158
16,3,38,15,1.0,1.147
16,3,38,16,1.0,0.946
16,3,38,17,1.0,1.341
16,3,38,19,1.0,1.78
16,3,40,12,1.0,1.1179999999999999
16,3,40,14,1.0,0.9179999999999999
16,3,40,17,1.0,1.252
16,3,40,18,1.0,1.3219999999999998
16,3,40,20,1.0,1.4169999999999998
